{"stats":{"minecraft:picked_up":{"minecraft:iron_chestplate":1,"minecraft:flower_pot":1,"minecraft:chainmail_boots":2,"betterendforge:umbrella_tree_chest":1,"minecraft:anvil":2,"minecraft:enchanted_book":3,"minecraft:stone_brick_stairs":5,"minecraft:string":53,"duneons:coin":54,"minecraft:iron_leggings":2,"duneons:loggold":1,"duneons:gate_barsclose":1,"minecraft:gold_nugget":1,"minecraft:bucket":1,"duneons:strengthenironpickaxe":1,"iceandfire:myrmex_desert_resin":3,"minecraft:cobblestone_slab":1,"minecraft:furnace":2,"minecraft:tipped_arrow":2,"minecraft:golden_helmet":1,"minecraft:stick":2,"minecraft:torch":55,"duneons:stonetablemaping":2,"minecraft:acacia_log":28,"iceandfire:silver_ore":20,"minecraft:sandstone_wall":1,"minecraft:porkchop":12,"iceandfire:lightning_dragon_flesh":5,"tombstone:grave_dust":30,"minecraft:diorite":11,"minecraft:golden_chestplate":1,"minecraft:cactus":2,"minecraft:rotten_flesh":55,"duneons:bluebanner":1,"iceandfire:myrmex_desert_chitin":13,"mowziesmobs:barakoa_mask_misery":1,"duneons:statue":1,"minecraft:iron_bars":16,"duneons:spin_wheel":9,"minecraft:cobblestone":445,"iceandfire:dragonscales_black":20,"duneons:crystalblue":1,"minecraft:leather_chestplate":1,"minecraft:cooked_beef":1,"minecraft:iron_door":1,"minecraft:andesite":8,"betterendforge:lacugrove_chest":1,"minecraft:golden_leggings":3,"minecraft:potato":1,"duneons:bluekinghat_leggings":1,"paraglider:spirit_orb":108,"duneons:melondirt":2,"minecraft:lapis_lazuli":3,"minecraft:dirt":32,"minecraft:polished_granite":1,"duneons:vangardbanner":1,"minecraft:bone":64,"minecraft:acacia_planks":1,"minecraft:bow":5,"duneons:bow_spooky_1_gear":8,"minecraft:wheat_seeds":6,"minecraft:mossy_stone_bricks":2,"duneons:mushroomcreeperwoods":1,"minecraft:oak_planks":4,"minecraft:mossy_stone_brick_stairs":3,"duneons:orangesvase":1,"iceandfire:dragon_skull_fire":1,"minecraft:sand":14,"iceandfire:stymphalian_bird_feather":17,"iceandfire:lightning_dragon_heart":1,"iceandfire:myrmex_stinger":5,"minecraft:mossy_cobblestone":5,"minecraft:dark_prismarine":1,"minecraft:diamond":14,"waystones:waystone":1,"minecraft:crossbow":7,"minecraft:granite":3,"minecraft:emerald":10,"scalinghealth:cursed_heart":1,"minecraft:dark_oak_fence":1,"minecraft:bricks":2,"minecraft:crafting_table":11,"iceandfire:dragon_skull_lightning":4,"inventorypets:nugget_coal":6,"endrem:magical_eye":1,"iceandfire:witherbone":3,"duneons:swamplog":3,"duneons:skeletonbricker":1,"minecraft:leather_leggings":1,"minecraft:brown_mushroom":2,"minecraft:iron_axe":2,"minecraft:wooden_sword":1,"artifacts:feral_claws":1,"minecraft:iron_shovel":1,"duneons:mystery_captain_banner":1,"iceandfire:amythest_gem":7,"duneons:goldchest":2,"minecraft:cracked_stone_bricks":3,"minecraft:beef":3,"duneons:glowmelonroot":2,"minecraft:sandstone":1,"iceandfire:dragonbone":71,"minecraft:stone":1,"minecraft:carrot":1,"minecraft:redstone":16,"minecraft:dark_oak_planks":2,"artifacts:everlasting_beef":1,"minecraft:stone_shovel":1,"iceandfire:cyclops_eye":1,"minecraft:arrow":129,"minecraft:nether_bricks":2,"duneons:lovemedallion":11,"minecraft:hay_block":9,"mowziesmobs:barakoa_mask_fear":2,"minecraft:totem_of_undying":3,"tombstone:essence_of_undeath":1,"minecraft:mutton":16,"minecraft:rail":2,"minecraft:white_wool":16,"duneons:bluekinghat_chestplate":1,"artifacts:digging_claws":1,"minecraft:leather":14,"duneons:sandbrick":1,"minecraft:birch_planks":6,"minecraft:oak_log":1,"minecraft:chainmail_chestplate":1,"scalinghealth:bandages":7,"minecraft:yellow_bed":10,"minecraft:golden_boots":2,"minecraft:cobblestone_stairs":1,"scalinghealth:heart_crystal":13,"scalinghealth:medkit":1,"minecraft:paper":12,"minecraft:white_banner":2,"tombstone:gift":2,"minecraft:smooth_sandstone":2,"minecraft:stone_bricks":99,"duneons:mobmasher":9,"minecraft:iron_ingot":21,"minecraft:cooked_chicken":2,"minecraft:iron_ore":94,"scalinghealth:power_crystal_shard":17,"minecraft:glass_bottle":6,"iceandfire:copper_nugget":7,"scalinghealth:heart_crystal_shard":2,"duneons:coarsedirt_2":4,"minecraft:gravel":1,"duneons:necromancerball":1,"mowziesmobs:barakoa_mask_bliss":1,"duneons:nether_wart_spore_grenade":9,"minecraft:gold_ore":53,"duneons:bluekinghat_helmet":1,"minecraft:green_carpet":3,"minecraft:spider_eye":6,"duneons:elevator":1,"minecraft:chainmail_leggings":1,"minecraft:iron_helmet":1,"duneons:vangardpotion":2,"duneons:tikitorch":1,"duneons:cobwebdig":1,"minecraft:coal":57,"minecraft:ender_pearl":2},"minecraft:used":{"duneons:bluebanner":1,"duneons:swamplog":1,"minecraft:iron_sword":21,"minecraft:rotten_flesh":42,"minecraft:mutton":8,"minecraft:nether_bricks":2,"minecraft:carrot":23,"endrem:old_eye":1,"duneons:sandbrick":1,"duneons:melondirt":2,"duneons:tikitorch":1,"minecraft:lava_bucket":3,"minecraft:bricks":2,"duneons:crystalblue":1,"duneons:glowmelonroot":1,"minecraft:stone_bricks":66,"duneons:stonetablemaping":1,"minecraft:furnace":2,"betterendforge:umbrella_tree_chest":1,"minecraft:potato":1,"duneons:gate_barsclose":1,"minecraft:mossy_stone_bricks":2,"minecraft:diorite":11,"duneons:vangardbanner":1,"minecraft:stone_pickaxe":27,"minecraft:wooden_pickaxe":3,"duneons:spin_wheel":779,"minecraft:sand":14,"duneons:strengthenironpickaxe":301,"scalinghealth:cursed_heart":1,"duneons:claymoreblue":112,"scalinghealth:enchanted_heart":1,"minecraft:bread":20,"minecraft:polished_granite":1,"tombstone:grave_key":14,"minecraft:gravel":1,"minecraft:andesite":2,"duneons:loggold":1,"minecraft:iron_bars":6,"minecraft:acacia_log":8,"minecraft:torch":245,"minecraft:dirt":26,"minecraft:anvil":1,"scalinghealth:heart_crystal":14,"minecraft:granite":3,"minecraft:iron_axe":176,"duneons:mushroomcreeperwoods":1,"minecraft:totem_of_undying":1,"scalinghealth:power_crystal":1,"artifacts:everlasting_beef":45,"minecraft:beef":3,"tombstone:gift":9,"minecraft:cooked_beef":12,"minecraft:acacia_planks":1,"minecraft:water_bucket":19,"minecraft:iron_ore":1,"minecraft:birch_planks":4,"minecraft:baked_potato":1,"minecraft:brown_mushroom":1,"duneons:goldchest":1,"minecraft:cobblestone_slab":1,"iceandfire:dragon_skull_lightning":1,"minecraft:salmon":16,"minecraft:mossy_cobblestone":2,"minecraft:rail":1,"minecraft:crafting_table":11,"minecraft:cod":5,"tombstone:bag_of_seeds":1,"minecraft:dark_prismarine":1,"minecraft:flower_pot":1,"minecraft:diamond_pickaxe":58,"minecraft:apple":5,"betterendforge:lacugrove_chest":1,"minecraft:iron_pickaxe":569,"minecraft:cobblestone":298,"minecraft:potion":8,"minecraft:porkchop":9,"minecraft:bucket":23,"minecraft:yellow_bed":8},"minecraft:broken":{"iceandfire:myrmex_desert_chestplate":1,"duneons:strengthenironpickaxe":1,"duneons:claymoreblue":1,"minecraft:diamond_boots":1,"iceandfire:myrmex_desert_boots":1,"duneons:bluekinghat_helmet":1,"duneons:nether_wart_spore_grenade":1,"duneons:ghostkindlerblack_helmet":1},"minecraft:dropped":{"minecraft:gold_ore":7,"minecraft:brown_mushroom":1,"minecraft:porkchop":2,"minecraft:lapis_lazuli":3,"minecraft:cooked_beef":1,"minecraft:glass_bottle":14,"minecraft:crafting_table":1,"minecraft:crossbow":4,"minecraft:leather":4,"minecraft:saddle":1,"duneons:bow_spooky_1_gear":1,"duneons:mystery_captain_banner":1,"minecraft:emerald":4,"minecraft:cobblestone_stairs":1,"minecraft:dirt":5,"duneons:skeletonbricker":1,"minecraft:dark_oak_fence":1,"minecraft:gold_nugget":1,"minecraft:dark_oak_planks":2,"minecraft:bone":40,"minecraft:golden_chestplate":1,"tombstone:gift":1,"minecraft:rotten_flesh":26,"mowziesmobs:barakoa_mask_bliss":1,"minecraft:carrot":1,"minecraft:chainmail_chestplate":1,"duneons:vangardpotion":1,"minecraft:sandstone_wall":1,"minecraft:tipped_arrow":2,"minecraft:beetroot_seeds":3,"inventorypets:nugget_coal":180,"duneons:glowmelonroot":1,"minecraft:leather_leggings":1,"minecraft:iron_bars":6,"minecraft:arrow":9,"minecraft:stone_brick_stairs":4,"minecraft:enchanted_book":1,"minecraft:golden_boots":2,"minecraft:iron_ingot":14,"minecraft:wheat_seeds":3,"minecraft:golden_helmet":2,"minecraft:mossy_cobblestone":1,"duneons:purplevangardpotion":1,"minecraft:iron_helmet":1,"minecraft:cobblestone":73,"minecraft:book":2,"duneons:lovemedallion":1,"duneons:statue":1,"minecraft:acacia_log":2,"minecraft:stick":2,"minecraft:torch":1,"duneons:nether_wart_spore_grenade":2,"minecraft:iron_leggings":2,"minecraft:green_carpet":3,"duneons:orangesvase":1,"minecraft:white_banner":2,"minecraft:cactus":2,"minecraft:iron_shovel":1,"minecraft:string":3,"minecraft:acacia_planks":1,"iceandfire:dragon_skull_fire":1,"minecraft:redstone":16,"iceandfire:dragonbone":3,"mowziesmobs:barakoa_mask_fear":1,"minecraft:iron_boots":1,"duneons:coarsedirt_2":4,"minecraft:shears":1,"minecraft:stone":1,"duneons:swamplog":1,"minecraft:iron_chestplate":2,"minecraft:andesite":6,"minecraft:yellow_bed":1,"minecraft:spider_eye":5,"minecraft:stone_bricks":32,"minecraft:bow":1,"minecraft:stone_pickaxe":1,"minecraft:wooden_pickaxe":1,"iceandfire:dragon_skull_lightning":1},"minecraft:crafted":{"minecraft:oak_planks":4,"iceandfire:myrmex_desert_boots":1,"usefulbackpacks:backpack_small":1,"minecraft:iron_boots":1,"iceandfire:myrmex_desert_chestplate":1,"scalinghealth:power_crystal":1,"minecraft:crafting_table":3,"minecraft:wooden_pickaxe":1,"minecraft:iron_helmet":1,"minecraft:iron_chestplate":1,"minecraft:stick":36,"minecraft:iron_pickaxe":3,"usefulbackpacks:backpack_large":1,"minecraft:iron_ingot":115,"minecraft:gold_ingot":57,"minecraft:shears":2,"minecraft:coal":26,"minecraft:furnace":1,"minecraft:iron_axe":2,"minecraft:stone_pickaxe":1,"usefulbackpacks:backpack_medium":1,"minecraft:wheat":45,"minecraft:crossbow":1,"minecraft:iron_sword":1,"minecraft:bucket":1,"minecraft:bread":15,"minecraft:air":0,"inventorypets:nugget_coal":408,"minecraft:iron_leggings":2,"minecraft:acacia_planks":20,"minecraft:torch":108},"minecraft:custom":{"minecraft:interact_with_crafting_table":49,"minecraft:open_barrel":13,"goblintraders:trade_with_goblin":41,"minecraft:eat_cake_slice":1,"minecraft:leave_game":5,"minecraft:time_since_death":6431,"minecraft:damage_resisted":72,"minecraft:sprint_one_cm":746398,"minecraft:drop":149,"minecraft:talked_to_villager":1,"minecraft:deaths":21,"minecraft:jump":5151,"minecraft:walk_on_water_one_cm":52179,"minecraft:interact_with_furnace":32,"minecraft:interact_with_cartography_table":1,"minecraft:play_one_minute":491916,"minecraft:sleep_in_bed":11,"minecraft:waystone_activated":1,"minecraft:damage_dealt":103934,"minecraft:crouch_one_cm":24401,"tombstone:undead_killed":145,"minecraft:interact_with_smithing_table":2,"minecraft:interact_with_anvil":1,"minecraft:mob_kills":399,"minecraft:damage_dealt_resisted":702,"minecraft:climb_one_cm":10726,"minecraft:walk_one_cm":846489,"minecraft:sneak_time":10352,"minecraft:walk_under_water_one_cm":19951,"minecraft:interact_with_blast_furnace":1,"tombstone:raider_killed":139,"minecraft:raid_trigger":1,"minecraft:time_since_rest":6200,"minecraft:damage_taken":26873,"minecraft:damage_absorbed":297,"minecraft:trigger_trapped_chest":4,"minecraft:swim_one_cm":27739,"minecraft:fly_one_cm":695763,"minecraft:open_chest":248,"minecraft:fall_one_cm":126169},"minecraft:killed":{"minecraft:cave_spider":9,"minecraft:spider":9,"duneons:wraith":4,"iceandfire:stymphalian_bird":2,"minecraft:skeleton":52,"illagers_plus:enchanter":1,"duneons:necromancer":1,"artifacts:mimic":3,"duneons:traderlamaloot":4,"minecraft:pig":3,"illagers_plus:necromancer":2,"minecraft:creeper":3,"iceandfire:cockatrice":2,"minecraft:pillager":104,"minecraft:zombie":60,"minecraft:stray":11,"iceandfire:lightning_dragon":1,"minecraft:cow":2,"duneons:zombievangruard":1,"illagers_plus:furantur":5,"minecraft:vindicator":16,"duneons:vindicatorvariant":5,"duneons:pigchest":4,"minecraft:husk":9,"iceandfire:cyclops":1,"dungeonsmod:haunter":1,"duneons:blue_pillagerarmorer":8,"duneons:vindicatorroyaleblue":8,"iceandfire:ghost":3,"illagers_plus:archer":11,"minecraft:wither_skeleton":3,"minecraft:enderman":2},"minecraft:killed_by":{"iceandfire:cyclops":3,"minecraft:pillager":1,"iceandfire:stymphalian_bird":1,"minecraft:vindicator":8,"iceandfire:myrmex_soldier":1,"illagers_plus:archer":1,"duneons:zombievangruard":1},"minecraft:mined":{"minecraft:dark_oak_planks":2,"minecraft:stone_pressure_plate":1,"duneons:darkstonebricks":5,"minecraft:cobblestone_stairs":7,"minecraft:granite":4,"minecraft:acacia_log":26,"minecraft:grass_block":17,"duneons:coinsstage_1":1,"minecraft:spawner":59,"duneons:reddungeonsglass":1,"duneons:biggrasscreeper":2,"minecraft:iron_ore":95,"minecraft:anvil":2,"minecraft:iron_bars":16,"minecraft:green_carpet":1,"duneons:glowmelonroot":2,"minecraft:potted_brown_mushroom":1,"duneons:latticebriker":2,"duneons:orangesvase":1,"minecraft:torch":18,"duneons:bamboograss":1,"duneons:crystalblue":1,"minecraft:glass":1,"minecraft:cobblestone":104,"minecraft:oak_planks":4,"betterendforge:umbrella_tree_chest":1,"minecraft:bricks":2,"minecraft:iron_door":1,"minecraft:wall_torch":14,"minecraft:wheat":3,"minecraft:stone_brick_stairs":10,"duneons:creeperwoodstallgrass":23,"minecraft:grass":22,"minecraft:oak_log":1,"minecraft:sand":15,"minecraft:dirt":14,"minecraft:sandstone_wall":2,"duneons:gate_barsclose":1,"minecraft:netherrack":1,"duneons:redstonedusts":2,"duneons:bigclayvase":1,"minecraft:dark_prismarine":1,"minecraft:diamond_ore":13,"scalinghealth:power_crystal_ore":7,"iceandfire:silver_ore":20,"minecraft:mossy_cobblestone":4,"duneons:bigferncreeperwoods":4,"duneons:stone_rubble":1,"duneons:sandbrick":2,"duneons:skeletonbricker":1,"minecraft:nether_bricks":2,"minecraft:dark_oak_fence":1,"minecraft:sandstone":2,"duneons:peonydied":2,"minecraft:hay_block":5,"duneons:bambootall":1,"minecraft:furnace":2,"minecraft:andesite":8,"duneons:stonebricker":1,"minecraft:mossy_stone_brick_stairs":3,"duneons:swamplog":3,"duneons:melondirt":2,"duneons:cobwebdig":1,"minecraft:cobblestone_slab":6,"minecraft:vine":2,"duneons:vangardbanner":1,"duneons:tikitorch":1,"duneons:planksbambbo":1,"minecraft:stone":377,"scalinghealth:heart_crystal_ore":2,"duneons:statue":1,"minecraft:oak_slab":1,"minecraft:acacia_leaves":1,"minecraft:glass_pane":4,"duneons:coins":3,"minecraft:polished_granite":1,"minecraft:smooth_sandstone":2,"minecraft:crafting_table":9,"duneons:coarsedirt_2":4,"duneons:dustdiamond":1,"minecraft:tall_grass":8,"iceandfire:amythest_ore":7,"minecraft:diorite":11,"minecraft:birch_planks":6,"duneons:loggold":1,"betterendforge:lacugrove_chest":1,"duneons:stonetablemaping":2,"minecraft:yellow_bed":9,"minecraft:grass_path":4,"minecraft:coal_ore":54,"minecraft:gravel":1,"minecraft:cobweb":37,"minecraft:cracked_stone_bricks":5,"minecraft:stone_bricks":81,"duneons:coinsstage_2":3,"duneons:mushroomcreeperwoods":1,"minecraft:mossy_stone_bricks":2,"minecraft:gold_ore":54}},"DataVersion":2586}