{"stats":{"minecraft:mined":{"minecraft:potted_brown_mushroom":1,"iceandfire:silver_ore":20,"minecraft:smooth_sandstone":2,"minecraft:crafting_table":2,"minecraft:torch":5,"minecraft:acacia_log":5,"duneons:coarsedirt_2":4,"minecraft:cobblestone":8,"iceandfire:amythest_ore":5,"betterendforge:umbrella_tree_chest":1,"minecraft:diorite":9,"minecraft:wall_torch":6,"minecraft:spawner":1,"minecraft:furnace":2,"minecraft:iron_ore":95,"betterendforge:lacugrove_chest":1,"minecraft:andesite":3,"minecraft:anvil":2,"duneons:swamplog":3,"minecraft:coal_ore":54,"minecraft:gravel":1,"minecraft:sand":1,"minecraft:stone":87,"minecraft:gold_ore":47},"minecraft:dropped":{"minecraft:brown_mushroom":1,"duneons:coarsedirt_2":4,"minecraft:chainmail_chestplate":1,"duneons:swamplog":1,"minecraft:andesite":2,"inventorypets:nugget_coal":12,"minecraft:stone_pickaxe":1,"minecraft:wooden_pickaxe":1,"minecraft:bone":20},"minecraft:crafted":{"minecraft:coal":26,"minecraft:crafting_table":1,"minecraft:wooden_pickaxe":1,"minecraft:iron_helmet":1,"minecraft:iron_sword":1,"minecraft:furnace":1,"minecraft:bucket":1,"minecraft:air":0,"minecraft:iron_boots":1,"minecraft:iron_chestplate":1,"inventorypets:nugget_coal":240,"minecraft:iron_axe":1,"minecraft:stick":24,"minecraft:iron_ingot":115,"minecraft:iron_pickaxe":3,"minecraft:stone_pickaxe":1,"minecraft:iron_leggings":1,"minecraft:gold_ingot":57,"minecraft:acacia_planks":20,"minecraft:torch":60},"minecraft:used":{"minecraft:iron_ore":1,"minecraft:water_bucket":12,"minecraft:diorite":10,"minecraft:stone_pickaxe":27,"duneons:swamplog":1,"minecraft:wooden_pickaxe":3,"minecraft:iron_sword":21,"minecraft:brown_mushroom":1,"minecraft:rotten_flesh":23,"minecraft:torch":58,"minecraft:dirt":1,"minecraft:sand":1,"minecraft:anvil":1,"scalinghealth:heart_crystal":1,"minecraft:crafting_table":3,"minecraft:cod":5,"minecraft:flower_pot":1,"minecraft:lava_bucket":2,"betterendforge:lacugrove_chest":1,"minecraft:iron_axe":58,"minecraft:iron_pickaxe":317,"tombstone:grave_key":1,"minecraft:gravel":1,"minecraft:cobblestone":43,"minecraft:furnace":2,"betterendforge:umbrella_tree_chest":1,"minecraft:andesite":1,"minecraft:bucket":16,"tombstone:gift":4,"minecraft:potato":1},"minecraft:picked_up":{"inventorypets:nugget_coal":6,"minecraft:crafting_table":3,"betterendforge:lacugrove_chest":1,"betterendforge:umbrella_tree_chest":1,"minecraft:flower_pot":1,"minecraft:anvil":2,"duneons:swamplog":3,"minecraft:andesite":3,"minecraft:brown_mushroom":2,"minecraft:potato":1,"minecraft:enchanted_book":1,"paraglider:spirit_orb":2,"minecraft:chainmail_chestplate":1,"minecraft:string":2,"minecraft:dirt":1,"minecraft:paper":12,"artifacts:feral_claws":1,"minecraft:smooth_sandstone":2,"minecraft:bone":17,"iceandfire:amythest_gem":5,"minecraft:bow":1,"minecraft:iron_ore":94,"minecraft:furnace":2,"duneons:coarsedirt_2":4,"minecraft:torch":18,"minecraft:acacia_log":5,"minecraft:gravel":1,"iceandfire:silver_ore":20,"minecraft:sand":1,"tombstone:grave_dust":3,"minecraft:diorite":10,"minecraft:gold_ore":46,"minecraft:arrow":9,"minecraft:rotten_flesh":13,"minecraft:coal":55,"minecraft:cobblestone":96},"minecraft:killed":{"minecraft:husk":3,"minecraft:spider":1,"minecraft:skeleton":10,"minecraft:zombie":7,"artifacts:mimic":1},"minecraft:custom":{"minecraft:interact_with_furnace":31,"minecraft:mob_kills":25,"minecraft:interact_with_crafting_table":25,"minecraft:open_barrel":7,"goblintraders:trade_with_goblin":41,"minecraft:play_one_minute":164770,"minecraft:leave_game":1,"minecraft:time_since_death":158279,"minecraft:time_since_rest":158006,"minecraft:sprint_one_cm":122664,"minecraft:damage_taken":1826,"minecraft:walk_one_cm":141137,"minecraft:drop":19,"minecraft:damage_dealt":5796,"minecraft:swim_one_cm":4468,"minecraft:fly_one_cm":129256,"minecraft:open_chest":26,"minecraft:crouch_one_cm":2148,"tombstone:undead_killed":20,"minecraft:deaths":2,"minecraft:sneak_time":968,"minecraft:walk_under_water_one_cm":7567,"minecraft:jump":990,"minecraft:interact_with_blast_furnace":1,"minecraft:walk_on_water_one_cm":18424,"minecraft:fall_one_cm":21631}},"DataVersion":2586}