{"stats":{"minecraft:killed_by":{"iceandfire:myrmex_soldier":1},"minecraft:mined":{"iceandfire:silver_ore":20,"minecraft:acacia_log":14,"minecraft:grass_block":1,"minecraft:spawner":5,"minecraft:furnace":2,"minecraft:iron_ore":95,"minecraft:andesite":3,"minecraft:anvil":2,"duneons:swamplog":3,"minecraft:stone":214,"scalinghealth:heart_crystal_ore":1,"minecraft:acacia_leaves":1,"minecraft:potted_brown_mushroom":1,"minecraft:torch":13,"minecraft:crafting_table":3,"minecraft:smooth_sandstone":2,"duneons:coarsedirt_2":4,"minecraft:cobblestone":22,"iceandfire:amythest_ore":5,"betterendforge:umbrella_tree_chest":1,"minecraft:diorite":9,"minecraft:wall_torch":8,"betterendforge:lacugrove_chest":1,"minecraft:coal_ore":54,"minecraft:sand":14,"minecraft:gravel":1,"minecraft:dirt":4,"duneons:gate_barsclose":1,"minecraft:gold_ore":54},"minecraft:dropped":{"minecraft:brown_mushroom":1,"minecraft:iron_helmet":1,"minecraft:cobblestone":66,"minecraft:book":2,"minecraft:saddle":1,"duneons:bow_spooky_1_gear":1,"minecraft:stick":2,"duneons:nether_wart_spore_grenade":2,"minecraft:cactus":2,"minecraft:acacia_planks":1,"iceandfire:dragonbone":3,"minecraft:bone":21,"tombstone:gift":1,"minecraft:rotten_flesh":5,"mowziesmobs:barakoa_mask_fear":1,"minecraft:iron_boots":1,"duneons:coarsedirt_2":4,"minecraft:chainmail_chestplate":1,"duneons:swamplog":1,"minecraft:iron_chestplate":1,"minecraft:andesite":2,"inventorypets:nugget_coal":12,"minecraft:arrow":9,"minecraft:wooden_pickaxe":1,"minecraft:stone_pickaxe":1},"minecraft:crafted":{"minecraft:coal":26,"iceandfire:myrmex_desert_boots":1,"minecraft:furnace":1,"minecraft:iron_boots":1,"iceandfire:myrmex_desert_chestplate":1,"minecraft:iron_axe":1,"minecraft:stone_pickaxe":1,"minecraft:crafting_table":1,"minecraft:wooden_pickaxe":1,"minecraft:iron_helmet":1,"minecraft:iron_sword":1,"minecraft:bucket":1,"minecraft:air":0,"minecraft:iron_chestplate":1,"inventorypets:nugget_coal":240,"minecraft:stick":24,"minecraft:iron_ingot":115,"minecraft:iron_pickaxe":3,"minecraft:gold_ingot":57,"minecraft:iron_leggings":1,"minecraft:acacia_planks":20,"minecraft:torch":60},"minecraft:used":{"minecraft:acacia_log":5,"duneons:swamplog":1,"minecraft:iron_sword":21,"minecraft:rotten_flesh":41,"minecraft:torch":85,"minecraft:dirt":6,"minecraft:anvil":1,"scalinghealth:heart_crystal":2,"endrem:old_eye":1,"minecraft:lava_bucket":3,"minecraft:iron_axe":69,"minecraft:furnace":2,"betterendforge:umbrella_tree_chest":1,"tombstone:gift":6,"minecraft:potato":1,"minecraft:acacia_planks":1,"duneons:gate_barsclose":1,"minecraft:water_bucket":19,"minecraft:diorite":10,"minecraft:iron_ore":1,"minecraft:stone_pickaxe":27,"minecraft:wooden_pickaxe":3,"minecraft:brown_mushroom":1,"duneons:spin_wheel":27,"minecraft:salmon":10,"minecraft:sand":13,"minecraft:crafting_table":4,"minecraft:cod":5,"minecraft:flower_pot":1,"betterendforge:lacugrove_chest":1,"scalinghealth:enchanted_heart":1,"minecraft:iron_pickaxe":472,"tombstone:grave_key":3,"minecraft:gravel":1,"minecraft:cobblestone":94,"minecraft:bucket":23,"minecraft:andesite":1},"minecraft:picked_up":{"inventorypets:nugget_coal":6,"minecraft:crafting_table":4,"betterendforge:umbrella_tree_chest":1,"minecraft:anvil":2,"minecraft:flower_pot":1,"duneons:swamplog":3,"minecraft:brown_mushroom":2,"minecraft:enchanted_book":2,"minecraft:string":2,"artifacts:feral_claws":1,"iceandfire:amythest_gem":5,"duneons:gate_barsclose":1,"minecraft:bucket":1,"iceandfire:myrmex_desert_resin":3,"minecraft:furnace":2,"minecraft:stick":2,"iceandfire:dragonbone":9,"minecraft:torch":32,"minecraft:acacia_log":14,"iceandfire:silver_ore":20,"tombstone:grave_dust":8,"minecraft:diorite":10,"minecraft:arrow":9,"minecraft:cactus":2,"minecraft:rotten_flesh":20,"duneons:lovemedallion":10,"mowziesmobs:barakoa_mask_fear":2,"iceandfire:myrmex_desert_chitin":13,"duneons:spin_wheel":9,"minecraft:cobblestone":233,"minecraft:andesite":3,"betterendforge:lacugrove_chest":1,"minecraft:potato":1,"paraglider:spirit_orb":10,"minecraft:chainmail_chestplate":1,"scalinghealth:heart_crystal":1,"minecraft:dirt":6,"minecraft:paper":12,"tombstone:gift":2,"minecraft:smooth_sandstone":2,"minecraft:bone":18,"minecraft:acacia_planks":1,"minecraft:bow":1,"duneons:bow_spooky_1_gear":8,"duneons:mobmasher":9,"minecraft:iron_ore":94,"scalinghealth:heart_crystal_shard":1,"duneons:coarsedirt_2":4,"minecraft:gravel":1,"minecraft:sand":13,"duneons:nether_wart_spore_grenade":9,"minecraft:gold_ore":53,"iceandfire:myrmex_stinger":5,"minecraft:coal":55},"minecraft:killed":{"minecraft:spider":2,"minecraft:skeleton":12,"artifacts:mimic":1,"duneons:traderlamaloot":4,"minecraft:husk":7,"minecraft:creeper":2,"duneons:vindicatorroyaleblue":1,"minecraft:zombie":9},"minecraft:custom":{"minecraft:interact_with_smithing_table":2,"minecraft:mob_kills":50,"minecraft:interact_with_crafting_table":32,"minecraft:open_barrel":8,"goblintraders:trade_with_goblin":41,"minecraft:leave_game":1,"minecraft:time_since_death":28728,"minecraft:sprint_one_cm":180752,"minecraft:walk_one_cm":249138,"minecraft:drop":44,"minecraft:deaths":4,"minecraft:sneak_time":1883,"minecraft:walk_under_water_one_cm":9563,"minecraft:jump":1500,"minecraft:interact_with_blast_furnace":1,"minecraft:walk_on_water_one_cm":24416,"minecraft:interact_with_furnace":32,"minecraft:play_one_minute":218770,"minecraft:time_since_rest":28486,"minecraft:damage_taken":3551,"minecraft:damage_dealt":9773,"minecraft:swim_one_cm":5273,"minecraft:fly_one_cm":195764,"minecraft:open_chest":46,"minecraft:crouch_one_cm":4051,"tombstone:undead_killed":28,"minecraft:fall_one_cm":32563}},"DataVersion":2586}