{"stats":{"minecraft:custom":{"minecraft:interact_with_furnace":30,"minecraft:mob_kills":8,"minecraft:interact_with_crafting_table":22,"minecraft:open_barrel":7,"goblintraders:trade_with_goblin":22,"minecraft:play_one_minute":45981,"minecraft:leave_game":1,"minecraft:time_since_death":39490,"minecraft:time_since_rest":39217,"minecraft:sprint_one_cm":78250,"minecraft:damage_taken":1064,"minecraft:walk_one_cm":75791,"minecraft:drop":2,"minecraft:damage_dealt":2203,"minecraft:swim_one_cm":4443,"minecraft:fly_one_cm":88700,"minecraft:open_chest":26,"minecraft:crouch_one_cm":1483,"tombstone:undead_killed":6,"minecraft:deaths":2,"minecraft:sneak_time":703,"minecraft:walk_under_water_one_cm":5842,"minecraft:jump":597,"minecraft:interact_with_blast_furnace":1,"minecraft:walk_on_water_one_cm":11922,"minecraft:fall_one_cm":15558},"minecraft:used":{"minecraft:water_bucket":3,"minecraft:diorite":8,"minecraft:stone_pickaxe":27,"duneons:swamplog":1,"minecraft:wooden_pickaxe":3,"minecraft:iron_sword":21,"minecraft:rotten_flesh":11,"minecraft:torch":35,"minecraft:sand":1,"scalinghealth:heart_crystal":1,"minecraft:crafting_table":1,"betterendforge:lacugrove_chest":1,"minecraft:iron_axe":18,"minecraft:iron_pickaxe":242,"tombstone:grave_key":1,"minecraft:cobblestone":16,"minecraft:furnace":1,"minecraft:andesite":1,"minecraft:bucket":3,"tombstone:gift":2},"minecraft:crafted":{"minecraft:crafting_table":1,"minecraft:wooden_pickaxe":1,"minecraft:iron_helmet":1,"minecraft:iron_sword":1,"minecraft:furnace":1,"minecraft:bucket":1,"minecraft:air":0,"minecraft:iron_boots":1,"minecraft:iron_chestplate":1,"minecraft:iron_axe":1,"minecraft:stick":16,"minecraft:iron_ingot":103,"minecraft:iron_pickaxe":1,"minecraft:stone_pickaxe":1,"minecraft:iron_leggings":1,"minecraft:gold_ingot":18,"minecraft:acacia_planks":20,"minecraft:torch":36},"minecraft:dropped":{"minecraft:stone_pickaxe":1,"minecraft:wooden_pickaxe":1},"minecraft:picked_up":{"minecraft:crafting_table":1,"betterendforge:umbrella_tree_chest":1,"duneons:swamplog":2,"minecraft:andesite":1,"betterendforge:lacugrove_chest":1,"paraglider:spirit_orb":2,"minecraft:paper":12,"artifacts:feral_claws":1,"minecraft:smooth_sandstone":2,"minecraft:bone":4,"iceandfire:amythest_gem":3,"minecraft:iron_ore":87,"minecraft:furnace":1,"duneons:coarsedirt_2":4,"minecraft:torch":7,"minecraft:acacia_log":5,"iceandfire:silver_ore":8,"minecraft:sand":1,"minecraft:diorite":8,"minecraft:gold_ore":33,"minecraft:arrow":2,"minecraft:rotten_flesh":5,"minecraft:coal":44,"minecraft:cobblestone":72},"minecraft:killed":{"minecraft:husk":3,"minecraft:skeleton":3,"artifacts:mimic":1},"minecraft:mined":{"iceandfire:silver_ore":8,"minecraft:smooth_sandstone":2,"minecraft:crafting_table":1,"minecraft:torch":3,"minecraft:acacia_log":5,"duneons:coarsedirt_2":4,"minecraft:cobblestone":1,"iceandfire:amythest_ore":3,"betterendforge:umbrella_tree_chest":1,"minecraft:diorite":9,"minecraft:wall_torch":4,"minecraft:spawner":1,"minecraft:furnace":1,"minecraft:iron_ore":88,"betterendforge:lacugrove_chest":1,"minecraft:andesite":1,"duneons:swamplog":2,"minecraft:coal_ore":43,"minecraft:sand":1,"minecraft:stone":71,"minecraft:gold_ore":34}},"DataVersion":2586}