{"stats":{"minecraft:mined":{"minecraft:potted_brown_mushroom":1,"iceandfire:silver_ore":20,"minecraft:smooth_sandstone":2,"minecraft:crafting_table":2,"minecraft:torch":4,"minecraft:acacia_log":5,"duneons:coarsedirt_2":4,"minecraft:cobblestone":5,"iceandfire:amythest_ore":4,"betterendforge:umbrella_tree_chest":1,"minecraft:diorite":9,"minecraft:wall_torch":6,"minecraft:spawner":1,"minecraft:furnace":2,"minecraft:iron_ore":95,"betterendforge:lacugrove_chest":1,"minecraft:andesite":1,"minecraft:anvil":2,"duneons:swamplog":3,"minecraft:coal_ore":51,"minecraft:gravel":1,"minecraft:sand":1,"minecraft:stone":74,"minecraft:gold_ore":39},"minecraft:dropped":{"minecraft:brown_mushroom":1,"duneons:swamplog":1,"minecraft:stone_pickaxe":1,"minecraft:wooden_pickaxe":1,"minecraft:bone":11},"minecraft:crafted":{"minecraft:coal":26,"minecraft:crafting_table":1,"minecraft:wooden_pickaxe":1,"minecraft:iron_helmet":1,"minecraft:iron_sword":1,"minecraft:furnace":1,"minecraft:bucket":1,"minecraft:air":0,"minecraft:iron_boots":1,"minecraft:iron_chestplate":1,"inventorypets:nugget_coal":240,"minecraft:iron_axe":1,"minecraft:stick":20,"minecraft:iron_ingot":115,"minecraft:iron_pickaxe":3,"minecraft:stone_pickaxe":1,"minecraft:iron_leggings":1,"minecraft:gold_ingot":57,"minecraft:acacia_planks":20,"minecraft:torch":44},"minecraft:used":{"minecraft:iron_ore":1,"minecraft:water_bucket":5,"minecraft:diorite":8,"minecraft:stone_pickaxe":27,"duneons:swamplog":1,"minecraft:wooden_pickaxe":3,"minecraft:iron_sword":21,"minecraft:brown_mushroom":1,"minecraft:rotten_flesh":13,"minecraft:torch":47,"minecraft:sand":1,"minecraft:anvil":1,"scalinghealth:heart_crystal":1,"minecraft:crafting_table":3,"betterendforge:lacugrove_chest":1,"minecraft:iron_axe":25,"minecraft:iron_pickaxe":287,"tombstone:grave_key":1,"minecraft:gravel":1,"minecraft:cobblestone":33,"minecraft:furnace":2,"betterendforge:umbrella_tree_chest":1,"minecraft:andesite":1,"minecraft:bucket":7,"tombstone:gift":2,"minecraft:potato":1},"minecraft:picked_up":{"minecraft:crafting_table":2,"betterendforge:lacugrove_chest":1,"betterendforge:umbrella_tree_chest":1,"minecraft:flower_pot":1,"minecraft:anvil":2,"duneons:swamplog":3,"minecraft:andesite":1,"minecraft:brown_mushroom":2,"minecraft:potato":1,"paraglider:spirit_orb":2,"minecraft:paper":12,"artifacts:feral_claws":1,"minecraft:smooth_sandstone":2,"minecraft:bone":4,"iceandfire:amythest_gem":4,"minecraft:iron_ore":94,"minecraft:furnace":2,"duneons:coarsedirt_2":4,"minecraft:torch":17,"minecraft:acacia_log":5,"minecraft:gravel":1,"iceandfire:silver_ore":20,"minecraft:sand":1,"minecraft:diorite":8,"minecraft:gold_ore":38,"minecraft:arrow":2,"minecraft:rotten_flesh":8,"minecraft:coal":52,"minecraft:cobblestone":79},"minecraft:killed":{"minecraft:husk":3,"minecraft:skeleton":3,"minecraft:zombie":2,"artifacts:mimic":1},"minecraft:custom":{"minecraft:interact_with_furnace":31,"minecraft:mob_kills":10,"minecraft:interact_with_crafting_table":25,"minecraft:open_barrel":7,"goblintraders:trade_with_goblin":41,"minecraft:play_one_minute":152770,"minecraft:leave_game":1,"minecraft:time_since_death":146279,"minecraft:time_since_rest":146006,"minecraft:sprint_one_cm":89171,"minecraft:damage_taken":1099,"minecraft:walk_one_cm":95719,"minecraft:drop":6,"minecraft:damage_dealt":2648,"minecraft:swim_one_cm":4443,"minecraft:fly_one_cm":98758,"minecraft:open_chest":26,"minecraft:crouch_one_cm":1776,"tombstone:undead_killed":8,"minecraft:deaths":2,"minecraft:sneak_time":826,"minecraft:walk_under_water_one_cm":5842,"minecraft:jump":714,"minecraft:interact_with_blast_furnace":1,"minecraft:walk_on_water_one_cm":15926,"minecraft:fall_one_cm":17325}},"DataVersion":2586}