{"stats":{"minecraft:crafted":{"minecraft:oak_planks":4,"minecraft:coal":26,"iceandfire:myrmex_desert_boots":1,"usefulbackpacks:backpack_small":1,"minecraft:furnace":1,"minecraft:iron_boots":1,"iceandfire:myrmex_desert_chestplate":1,"minecraft:iron_axe":1,"minecraft:stone_pickaxe":1,"usefulbackpacks:backpack_medium":1,"minecraft:wheat":45,"minecraft:crafting_table":2,"minecraft:wooden_pickaxe":1,"minecraft:iron_helmet":1,"minecraft:iron_sword":1,"minecraft:bucket":1,"minecraft:bread":15,"minecraft:air":0,"minecraft:iron_chestplate":1,"inventorypets:nugget_coal":408,"minecraft:stick":32,"minecraft:iron_ingot":115,"usefulbackpacks:backpack_large":1,"minecraft:iron_pickaxe":3,"minecraft:iron_leggings":2,"minecraft:gold_ingot":57,"minecraft:acacia_planks":20,"minecraft:torch":92,"minecraft:shears":2},"minecraft:custom":{"minecraft:interact_with_smithing_table":2,"minecraft:mob_kills":197,"minecraft:interact_with_crafting_table":48,"minecraft:open_barrel":13,"goblintraders:trade_with_goblin":41,"minecraft:eat_cake_slice":1,"minecraft:leave_game":2,"minecraft:time_since_death":9500,"minecraft:climb_one_cm":2530,"minecraft:sprint_one_cm":529832,"minecraft:walk_one_cm":546151,"minecraft:drop":85,"minecraft:talked_to_villager":1,"minecraft:sneak_time":6442,"minecraft:deaths":10,"minecraft:walk_under_water_one_cm":18747,"minecraft:jump":3195,"minecraft:interact_with_blast_furnace":1,"minecraft:walk_on_water_one_cm":40379,"minecraft:interact_with_furnace":32,"tombstone:raider_killed":14,"minecraft:interact_with_cartography_table":1,"minecraft:play_one_minute":356277,"minecraft:raid_trigger":1,"minecraft:sleep_in_bed":8,"minecraft:time_since_rest":9206,"minecraft:waystone_activated":1,"minecraft:damage_taken":11835,"minecraft:trigger_trapped_chest":3,"minecraft:damage_dealt":43588,"minecraft:swim_one_cm":23613,"minecraft:fly_one_cm":470706,"minecraft:open_chest":152,"minecraft:crouch_one_cm":17978,"tombstone:undead_killed":112,"minecraft:fall_one_cm":87426},"minecraft:used":{"minecraft:iron_bars":6,"minecraft:acacia_log":8,"duneons:swamplog":1,"minecraft:iron_sword":21,"minecraft:torch":192,"minecraft:rotten_flesh":41,"minecraft:dirt":9,"minecraft:mutton":8,"minecraft:anvil":1,"scalinghealth:heart_crystal":7,"minecraft:carrot":19,"endrem:old_eye":1,"duneons:sandbrick":1,"minecraft:lava_bucket":3,"minecraft:bricks":2,"minecraft:iron_axe":94,"minecraft:totem_of_undying":1,"minecraft:stone_bricks":66,"duneons:stonetablemaping":1,"minecraft:beef":3,"minecraft:furnace":2,"betterendforge:umbrella_tree_chest":1,"tombstone:gift":9,"minecraft:potato":1,"minecraft:acacia_planks":1,"duneons:gate_barsclose":1,"minecraft:water_bucket":19,"minecraft:diorite":10,"minecraft:iron_ore":1,"duneons:vangardbanner":1,"minecraft:baked_potato":1,"minecraft:stone_pickaxe":27,"minecraft:wooden_pickaxe":3,"minecraft:brown_mushroom":1,"iceandfire:dragon_skull_lightning":1,"duneons:spin_wheel":401,"minecraft:salmon":16,"minecraft:mossy_cobblestone":1,"minecraft:sand":14,"duneons:strengthenironpickaxe":301,"minecraft:crafting_table":10,"minecraft:cod":5,"minecraft:flower_pot":1,"minecraft:apple":2,"betterendforge:lacugrove_chest":1,"duneons:claymoreblue":5,"scalinghealth:enchanted_heart":1,"minecraft:iron_pickaxe":498,"minecraft:bread":15,"tombstone:grave_key":7,"minecraft:gravel":1,"minecraft:polished_granite":1,"minecraft:cobblestone":181,"minecraft:potion":6,"minecraft:porkchop":9,"minecraft:andesite":1,"minecraft:bucket":23,"minecraft:yellow_bed":3},"minecraft:killed_by":{"iceandfire:cyclops":3,"duneons:zombievangruard":1,"minecraft:vindicator":1,"iceandfire:myrmex_soldier":1},"minecraft:picked_up":{"inventorypets:nugget_coal":6,"iceandfire:dragon_skull_lightning":3,"minecraft:iron_chestplate":1,"minecraft:crafting_table":10,"iceandfire:witherbone":3,"minecraft:chainmail_boots":2,"betterendforge:umbrella_tree_chest":1,"minecraft:flower_pot":1,"minecraft:anvil":2,"duneons:swamplog":3,"minecraft:brown_mushroom":2,"minecraft:enchanted_book":3,"minecraft:stone_brick_stairs":3,"minecraft:iron_leggings":2,"minecraft:string":16,"duneons:coin":54,"minecraft:wooden_sword":1,"artifacts:feral_claws":1,"duneons:mystery_captain_banner":1,"iceandfire:amythest_gem":5,"minecraft:cracked_stone_bricks":3,"duneons:gate_barsclose":1,"minecraft:bucket":1,"minecraft:beef":3,"iceandfire:myrmex_desert_resin":3,"minecraft:furnace":2,"minecraft:golden_helmet":1,"minecraft:tipped_arrow":2,"minecraft:stick":2,"iceandfire:dragonbone":60,"minecraft:torch":41,"minecraft:acacia_log":28,"duneons:stonetablemaping":2,"iceandfire:silver_ore":20,"minecraft:porkchop":9,"tombstone:grave_dust":27,"minecraft:diorite":10,"minecraft:stone_shovel":1,"minecraft:arrow":56,"minecraft:cactus":2,"iceandfire:cyclops_eye":1,"minecraft:rotten_flesh":36,"duneons:lovemedallion":11,"minecraft:hay_block":9,"mowziesmobs:barakoa_mask_fear":2,"iceandfire:myrmex_desert_chitin":13,"tombstone:essence_of_undeath":1,"duneons:statue":1,"mowziesmobs:barakoa_mask_misery":1,"minecraft:mutton":16,"minecraft:iron_bars":14,"duneons:spin_wheel":9,"minecraft:white_wool":16,"minecraft:cobblestone":328,"minecraft:leather_chestplate":1,"minecraft:andesite":3,"betterendforge:lacugrove_chest":1,"minecraft:leather":10,"minecraft:golden_leggings":3,"duneons:sandbrick":1,"minecraft:potato":1,"paraglider:spirit_orb":94,"scalinghealth:bandages":2,"minecraft:oak_log":1,"minecraft:chainmail_chestplate":1,"minecraft:yellow_bed":5,"minecraft:cobblestone_stairs":1,"scalinghealth:heart_crystal":6,"minecraft:dirt":9,"minecraft:paper":12,"tombstone:gift":2,"minecraft:polished_granite":1,"minecraft:smooth_sandstone":2,"duneons:vangardbanner":1,"minecraft:bone":60,"minecraft:acacia_planks":1,"minecraft:stone_bricks":99,"minecraft:bow":4,"duneons:bow_spooky_1_gear":8,"minecraft:wheat_seeds":1,"duneons:mobmasher":9,"minecraft:iron_ingot":16,"minecraft:cooked_chicken":2,"minecraft:iron_ore":94,"scalinghealth:power_crystal_shard":10,"minecraft:glass_bottle":1,"minecraft:mossy_stone_brick_stairs":3,"minecraft:oak_planks":4,"scalinghealth:heart_crystal_shard":1,"duneons:orangesvase":1,"duneons:coarsedirt_2":4,"minecraft:gravel":1,"iceandfire:dragon_skull_fire":1,"minecraft:sand":14,"mowziesmobs:barakoa_mask_bliss":1,"duneons:nether_wart_spore_grenade":9,"minecraft:spider_eye":2,"minecraft:gold_ore":53,"iceandfire:myrmex_stinger":5,"minecraft:mossy_cobblestone":4,"waystones:waystone":1,"minecraft:chainmail_leggings":1,"minecraft:iron_helmet":1,"duneons:vangardpotion":2,"minecraft:emerald":3,"minecraft:bricks":2,"minecraft:coal":57,"minecraft:leather_leggings":1,"minecraft:ender_pearl":2},"minecraft:dropped":{"minecraft:enchanted_book":1,"minecraft:gold_ore":7,"minecraft:iron_ingot":14,"minecraft:brown_mushroom":1,"minecraft:wheat_seeds":1,"minecraft:golden_helmet":1,"minecraft:glass_bottle":6,"minecraft:crafting_table":1,"minecraft:iron_helmet":1,"minecraft:cobblestone":73,"minecraft:book":2,"duneons:lovemedallion":1,"minecraft:saddle":1,"duneons:bow_spooky_1_gear":1,"duneons:statue":1,"duneons:mystery_captain_banner":1,"minecraft:acacia_log":2,"minecraft:cobblestone_stairs":1,"minecraft:stick":2,"minecraft:emerald":3,"duneons:nether_wart_spore_grenade":2,"minecraft:iron_leggings":1,"duneons:orangesvase":1,"minecraft:cactus":2,"minecraft:acacia_planks":1,"iceandfire:dragon_skull_fire":1,"iceandfire:dragonbone":3,"minecraft:bone":36,"tombstone:gift":1,"minecraft:rotten_flesh":8,"mowziesmobs:barakoa_mask_fear":1,"minecraft:iron_boots":1,"duneons:coarsedirt_2":4,"mowziesmobs:barakoa_mask_bliss":1,"minecraft:shears":1,"minecraft:chainmail_chestplate":1,"duneons:vangardpotion":1,"minecraft:tipped_arrow":2,"duneons:swamplog":1,"minecraft:iron_chestplate":1,"minecraft:andesite":2,"minecraft:yellow_bed":1,"inventorypets:nugget_coal":12,"minecraft:leather_leggings":1,"minecraft:stone_bricks":32,"minecraft:iron_bars":4,"minecraft:arrow":9,"minecraft:stone_pickaxe":1,"minecraft:wooden_pickaxe":1,"minecraft:stone_brick_stairs":3,"iceandfire:dragon_skull_lightning":1},"minecraft:broken":{"duneons:ghostkindlerblack_helmet":1,"iceandfire:myrmex_desert_chestplate":1,"iceandfire:myrmex_desert_boots":1,"duneons:strengthenironpickaxe":1},"minecraft:killed":{"minecraft:cave_spider":6,"minecraft:spider":9,"minecraft:vindicator":3,"duneons:vindicatorvariant":5,"minecraft:skeleton":48,"duneons:pigchest":1,"artifacts:mimic":1,"duneons:traderlamaloot":4,"minecraft:husk":9,"minecraft:pig":3,"iceandfire:cyclops":1,"duneons:blue_pillagerarmorer":8,"minecraft:creeper":3,"iceandfire:cockatrice":2,"minecraft:pillager":11,"duneons:vindicatorroyaleblue":8,"minecraft:zombie":40,"iceandfire:ghost":3,"minecraft:stray":9,"minecraft:wither_skeleton":3,"minecraft:enderman":2,"minecraft:cow":2},"minecraft:mined":{"minecraft:mossy_cobblestone":3,"minecraft:stone_pressure_plate":1,"duneons:darkstonebricks":5,"iceandfire:silver_ore":20,"minecraft:cobblestone_stairs":7,"duneons:sandbrick":1,"minecraft:acacia_log":26,"minecraft:grass_block":3,"duneons:coinsstage_1":1,"minecraft:spawner":50,"duneons:reddungeonsglass":1,"minecraft:hay_block":5,"minecraft:furnace":2,"minecraft:iron_ore":95,"minecraft:andesite":3,"minecraft:anvil":2,"minecraft:vine":2,"minecraft:mossy_stone_brick_stairs":3,"duneons:swamplog":3,"minecraft:iron_bars":14,"duneons:vangardbanner":1,"minecraft:stone":272,"scalinghealth:heart_crystal_ore":1,"duneons:statue":1,"minecraft:oak_slab":1,"minecraft:acacia_leaves":1,"minecraft:potted_brown_mushroom":1,"minecraft:glass_pane":4,"duneons:latticebriker":2,"duneons:orangesvase":1,"duneons:coins":3,"minecraft:polished_granite":1,"minecraft:smooth_sandstone":2,"minecraft:torch":13,"minecraft:crafting_table":8,"duneons:coarsedirt_2":4,"minecraft:tall_grass":3,"minecraft:cobblestone":92,"iceandfire:amythest_ore":5,"minecraft:oak_planks":4,"betterendforge:umbrella_tree_chest":1,"minecraft:bricks":2,"minecraft:diorite":10,"minecraft:wall_torch":10,"betterendforge:lacugrove_chest":1,"duneons:stonetablemaping":2,"minecraft:yellow_bed":4,"minecraft:stone_brick_stairs":9,"minecraft:grass":16,"minecraft:coal_ore":54,"minecraft:oak_log":1,"minecraft:gravel":1,"minecraft:dirt":5,"minecraft:sand":15,"minecraft:cracked_stone_bricks":5,"duneons:gate_barsclose":1,"minecraft:stone_bricks":81,"duneons:coinsstage_2":3,"minecraft:gold_ore":54}},"DataVersion":2586}