{"stats":{"minecraft:custom":{"minecraft:time_since_rest":723,"minecraft:play_one_minute":7487,"minecraft:crouch_one_cm":26,"minecraft:sprint_one_cm":17219,"minecraft:walk_one_cm":15489,"minecraft:damage_taken":460,"minecraft:deaths":2,"minecraft:sneak_time":21,"minecraft:walk_under_water_one_cm":2903,"minecraft:jump":183,"minecraft:time_since_death":996,"minecraft:walk_on_water_one_cm":5099,"minecraft:fall_one_cm":8772,"minecraft:fly_one_cm":45068},"minecraft:used":{"minecraft:sand":1,"duneons:swamplog":1,"tombstone:gift":2,"tombstone:grave_key":1},"minecraft:crafted":{"minecraft:acacia_planks":20,"minecraft:crafting_table":1},"minecraft:picked_up":{"duneons:swamplog":2,"minecraft:acacia_log":5,"minecraft:sand":1},"minecraft:mined":{"minecraft:acacia_log":5,"duneons:swamplog":2,"minecraft:sand":1}},"DataVersion":2586}