{"stats":{"minecraft:custom":{"minecraft:interact_with_furnace":30,"minecraft:mob_kills":5,"minecraft:interact_with_crafting_table":22,"minecraft:open_barrel":7,"goblintraders:trade_with_goblin":18,"minecraft:play_one_minute":31487,"minecraft:time_since_death":24996,"minecraft:time_since_rest":24723,"minecraft:sprint_one_cm":57099,"minecraft:damage_taken":883,"minecraft:walk_one_cm":59642,"minecraft:drop":2,"minecraft:damage_dealt":1257,"minecraft:swim_one_cm":92,"minecraft:fly_one_cm":68297,"minecraft:open_chest":24,"minecraft:crouch_one_cm":1094,"tombstone:undead_killed":5,"minecraft:deaths":2,"minecraft:sneak_time":409,"minecraft:walk_under_water_one_cm":4604,"minecraft:jump":438,"minecraft:interact_with_blast_furnace":1,"minecraft:walk_on_water_one_cm":7794,"minecraft:fall_one_cm":12234},"minecraft:used":{"minecraft:diorite":8,"minecraft:stone_pickaxe":27,"duneons:swamplog":1,"minecraft:wooden_pickaxe":3,"minecraft:iron_sword":9,"minecraft:rotten_flesh":7,"minecraft:torch":20,"minecraft:sand":1,"scalinghealth:heart_crystal":1,"minecraft:crafting_table":1,"betterendforge:lacugrove_chest":1,"minecraft:iron_axe":15,"minecraft:iron_pickaxe":182,"tombstone:grave_key":1,"minecraft:cobblestone":9,"minecraft:furnace":1,"minecraft:bucket":1,"tombstone:gift":2},"minecraft:crafted":{"minecraft:crafting_table":1,"minecraft:wooden_pickaxe":1,"minecraft:iron_helmet":1,"minecraft:iron_sword":1,"minecraft:furnace":1,"minecraft:bucket":1,"minecraft:air":0,"minecraft:iron_boots":1,"minecraft:iron_chestplate":1,"minecraft:iron_axe":1,"minecraft:stick":12,"minecraft:iron_ingot":103,"minecraft:iron_pickaxe":1,"minecraft:stone_pickaxe":1,"minecraft:iron_leggings":1,"minecraft:gold_ingot":6,"minecraft:acacia_planks":20,"minecraft:torch":20},"minecraft:dropped":{"minecraft:stone_pickaxe":1,"minecraft:wooden_pickaxe":1},"minecraft:picked_up":{"minecraft:crafting_table":1,"betterendforge:umbrella_tree_chest":1,"duneons:swamplog":2,"betterendforge:lacugrove_chest":1,"paraglider:spirit_orb":2,"minecraft:paper":12,"minecraft:smooth_sandstone":2,"minecraft:bone":2,"minecraft:iron_ore":87,"minecraft:furnace":1,"duneons:coarsedirt_2":4,"minecraft:torch":6,"minecraft:acacia_log":5,"minecraft:sand":1,"minecraft:diorite":8,"minecraft:gold_ore":13,"minecraft:arrow":2,"minecraft:rotten_flesh":5,"minecraft:coal":44,"minecraft:cobblestone":45},"minecraft:mined":{"minecraft:smooth_sandstone":2,"minecraft:crafting_table":1,"minecraft:torch":2,"minecraft:acacia_log":5,"duneons:coarsedirt_2":4,"minecraft:cobblestone":1,"betterendforge:umbrella_tree_chest":1,"minecraft:diorite":9,"minecraft:wall_torch":4,"minecraft:spawner":1,"minecraft:furnace":1,"minecraft:iron_ore":88,"betterendforge:lacugrove_chest":1,"duneons:swamplog":2,"minecraft:coal_ore":43,"minecraft:sand":1,"minecraft:stone":44,"minecraft:gold_ore":13},"minecraft:killed":{"minecraft:husk":3,"minecraft:skeleton":2}},"DataVersion":2586}