{"stats":{"minecraft:custom":{"minecraft:time_since_rest":12723,"minecraft:interact_with_furnace":22,"minecraft:sprint_one_cm":36824,"minecraft:damage_taken":689,"minecraft:walk_one_cm":37478,"minecraft:mob_kills":2,"minecraft:drop":2,"minecraft:damage_dealt":643,"minecraft:swim_one_cm":92,"minecraft:interact_with_crafting_table":20,"minecraft:fly_one_cm":52611,"minecraft:crouch_one_cm":431,"minecraft:play_one_minute":19487,"tombstone:undead_killed":2,"minecraft:deaths":2,"minecraft:sneak_time":154,"minecraft:walk_under_water_one_cm":4604,"minecraft:jump":305,"minecraft:walk_on_water_one_cm":7794,"minecraft:time_since_death":12996,"minecraft:fall_one_cm":10065},"minecraft:used":{"minecraft:stone_pickaxe":27,"minecraft:iron_pickaxe":117,"duneons:swamplog":1,"minecraft:wooden_pickaxe":3,"minecraft:iron_sword":8,"tombstone:grave_key":1,"minecraft:torch":8,"minecraft:sand":1,"minecraft:cobblestone":1,"minecraft:crafting_table":1,"minecraft:furnace":1,"minecraft:bucket":1,"tombstone:gift":2},"minecraft:crafted":{"minecraft:iron_boots":1,"minecraft:iron_chestplate":1,"minecraft:crafting_table":1,"minecraft:stick":12,"minecraft:iron_helmet":1,"minecraft:wooden_pickaxe":1,"minecraft:iron_ingot":40,"minecraft:iron_pickaxe":1,"minecraft:stone_pickaxe":1,"minecraft:iron_leggings":1,"minecraft:iron_sword":1,"minecraft:furnace":1,"minecraft:bucket":1,"minecraft:acacia_planks":20,"minecraft:torch":20,"minecraft:air":0},"minecraft:dropped":{"minecraft:stone_pickaxe":1,"minecraft:wooden_pickaxe":1},"minecraft:picked_up":{"duneons:swamplog":2,"minecraft:torch":1,"minecraft:acacia_log":5,"minecraft:sand":1,"minecraft:diorite":8,"minecraft:arrow":2,"minecraft:bone":2,"minecraft:iron_ore":67,"minecraft:coal":37,"minecraft:cobblestone":28},"minecraft:mined":{"minecraft:iron_ore":67,"minecraft:torch":1,"minecraft:acacia_log":5,"duneons:swamplog":2,"minecraft:coal_ore":37,"minecraft:sand":1,"minecraft:stone":28,"minecraft:diorite":9},"minecraft:killed":{"minecraft:skeleton":2}},"DataVersion":2586}