{"stats":{"minecraft:custom":{"minecraft:time_since_rest":1,"minecraft:play_one_minute":15050,"minecraft:sprint_one_cm":36489,"minecraft:damage_taken":2653,"minecraft:walk_one_cm":22993,"minecraft:deaths":10,"minecraft:sneak_time":7,"minecraft:walk_under_water_one_cm":1421,"minecraft:mob_kills":2,"minecraft:drop":9,"minecraft:jump":405,"minecraft:damage_dealt":501,"minecraft:leave_game":5,"minecraft:time_since_death":506,"minecraft:walk_on_water_one_cm":238,"minecraft:fall_one_cm":7730,"minecraft:fly_one_cm":79083},"minecraft:used":{"minecraft:dirt":5,"minecraft:sand":5,"tombstone:gift":2},"minecraft:dropped":{"minecraft:poppy":1,"minecraft:wheat_seeds":3,"tombstone:grave_key":5},"minecraft:picked_up":{"minecraft:stick":3,"minecraft:acacia_log":1,"minecraft:wheat_seeds":7,"minecraft:beef":3,"minecraft:sand":5,"tombstone:grave_key":1,"minecraft:poppy":1,"minecraft:dirt":17},"minecraft:killed":{"minecraft:cow":1},"minecraft:killed_by":{"minecraft:creeper":1,"minecraft:skeleton":2,"duneons:zombievangruard":5,"duneons:wraith":1},"minecraft:mined":{"minecraft:grass":42,"minecraft:poppy":1,"minecraft:grass_block":5,"minecraft:dead_bush":4,"minecraft:dirt":1,"minecraft:sand":5,"minecraft:tall_grass":3}},"DataVersion":2586}