{"stats":{"minecraft:custom":{"minecraft:time_since_rest":4297,"minecraft:play_one_minute":4297,"minecraft:crouch_one_cm":74,"minecraft:sprint_one_cm":5179,"minecraft:walk_one_cm":4160,"minecraft:sneak_time":44,"minecraft:drop":5,"minecraft:jump":60,"minecraft:leave_game":2,"minecraft:time_since_death":4297,"minecraft:fall_one_cm":1790,"minecraft:fly_one_cm":8087},"minecraft:picked_up":{"travelersbackpack:standard":1,"minecraft:wheat_seeds":1,"minecraft:spruce_log":4,"minecraft:dirt":8},"minecraft:dropped":{"minecraft:dirt":2,"minecraft:spruce_log":2,"minecraft:wheat_seeds":1},"minecraft:mined":{"minecraft:large_fern":5,"minecraft:grass_block":6,"minecraft:spruce_leaves":2,"minecraft:spruce_log":2},"minecraft:used":{"minecraft:dirt":6,"travelersbackpack:standard":7}},"DataVersion":2586}