{"stats":{"minecraft:killed_by":{"minecraft:zombie_villager":1,"minecraft:creeper":2,"minecraft:vindicator":1,"artifacts:mimic":5,"minecraft:zombie":4,"duneons:vindicatorroyaleblue":2,"duneons:wraith":6,"duneons:zombievangruard":5,"iceandfire:hippogryph":2,"minecraft:skeleton":7},"minecraft:mined":{"minecraft:stone_pressure_plate":1,"minecraft:obsidian":3,"minecraft:granite":8,"minecraft:acacia_log":8,"minecraft:grass_block":8,"duneons:bamboobiggrass":1,"minecraft:red_stained_glass_pane":3,"minecraft:spawner":10,"minecraft:smooth_stone":2,"minecraft:weeping_vines_plant":1,"duneons:eminencefungussprout":1,"minecraft:glowstone":18,"minecraft:fire":8,"minecraft:iron_ore":127,"minecraft:barrel":1,"minecraft:anvil":1,"minecraft:enchanting_table":1,"duneons:tallredmushrooms":1,"duneons:leavesbigbamboo":1,"minecraft:spruce_slab":1,"duneons:bush":3,"minecraft:cut_sandstone":7,"minecraft:brown_mushroom":1,"minecraft:blackstone":6,"duneons:warpedshelffungusstanding":1,"duneons:latticebriker":1,"duneons:bricker":1,"minecraft:poppy":1,"minecraft:dead_bush":9,"duneons:dominoesdirtblock":1,"minecraft:nether_quartz_ore":6,"minecraft:cobblestone":2,"duneons:arenablockanim":1,"minecraft:bricks":4,"minecraft:wall_torch":4,"minecraft:white_terracotta":1,"minecraft:light_blue_terracotta":2,"duneons:warpbiggrass":2,"minecraft:warped_fungus":2,"minecraft:tnt":9,"minecraft:stone_brick_stairs":1,"minecraft:yellow_stained_glass_pane":2,"minecraft:grass":61,"minecraft:oak_log":8,"minecraft:acacia_fence":2,"minecraft:sand":5,"minecraft:dirt":10,"minecraft:netherrack":79,"minecraft:emerald_block":2,"minecraft:nether_gold_ore":2,"minecraft:diamond_ore":10,"minecraft:crying_obsidian":3,"scalinghealth:power_crystal_ore":24,"duneons:bluevangardvase":3,"iceandfire:silver_ore":29,"minecraft:mossy_cobblestone":4,"duneons:skeletonbricker":1,"minecraft:brick_stairs":1,"minecraft:sandstone":10,"minecraft:hay_block":4,"duneons:bambootall":3,"minecraft:black_stained_glass_pane":1,"minecraft:redstone_ore":32,"duneons:anvilwithhammer":1,"minecraft:furnace":3,"iceandfire:copper_ore":6,"duneons:stackofbooks":2,"minecraft:chiseled_sandstone":1,"minecraft:andesite":6,"minecraft:diamond_block":1,"duneons:torchflower":1,"minecraft:gold_block":2,"duneons:swamplog":4,"minecraft:bookshelf":2,"duneons:cobwebdig":2,"duneons:loot_biggrey":1,"minecraft:stone":229,"scalinghealth:heart_crystal_ore":29,"minecraft:smithing_table":1,"duneons:clayvase":1,"minecraft:acacia_leaves":4,"duneons:trone":1,"duneons:coins":3,"minecraft:polished_granite":1,"minecraft:crafting_table":13,"minecraft:tall_grass":7,"iceandfire:amythest_ore":13,"minecraft:lapis_ore":12,"minecraft:diorite":6,"usefulbackpacks:filter_configurator":1,"duneons:stonehorse":1,"duneons:popflower":1,"minecraft:coal_ore":103,"minecraft:gravel":2,"minecraft:cobweb":116,"minecraft:cracked_stone_bricks":3,"duneons:creeperwoodsmusroom":1,"minecraft:stone_bricks":17,"minecraft:stripped_acacia_wood":13,"duneons:stonetablemap":1,"minecraft:mossy_stone_bricks":2,"minecraft:gold_ore":110,"minecraft:fern":1},"minecraft:dropped":{"minecraft:brown_mushroom":1,"minecraft:lapis_lazuli":2,"duneons:warpbiggrass":2,"minecraft:leather":1,"duneons:trone":1,"minecraft:cracked_stone_bricks":1,"minecraft:rail":8,"minecraft:music_disc_13":1,"minecraft:emerald":1,"minecraft:mutton":1,"duneons:stonetablemap":1,"minecraft:wooden_sword":2,"duneons:stonehorse":1,"minecraft:bone":1,"duneons:doubleaxe":1,"minecraft:wheat":1,"iceandfire:copper_ore":18,"minecraft:poppy":1,"minecraft:arrow":10,"minecraft:beef":3,"minecraft:water_bucket":4,"minecraft:enchanted_book":2,"minecraft:wheat_seeds":3,"minecraft:smithing_table":1,"minecraft:cobblestone":15,"minecraft:granite":8,"minecraft:coal":1,"minecraft:stick":17,"minecraft:torch":1,"tombstone:grave_key":5,"tombstone:grave_dust":12,"minecraft:string":12,"minecraft:acacia_planks":57,"minecraft:redstone":6,"minecraft:stone_sword":1,"betterendforge:iron_hammer":2,"minecraft:name_tag":1,"minecraft:shears":2,"duneons:swamplog":1,"artifacts:steadfast_spikes":1,"iceandfire:silver_ingot":3,"minecraft:stone_bricks":9,"minecraft:stone_pickaxe":2,"minecraft:wooden_pickaxe":2,"duneons:dominoesdirtblock":2},"minecraft:broken":{"betterendforge:iron_hammer":1,"duneons:doubleaxe":1,"spartanshields:shield_basic_iron":1,"minecraft:iron_pickaxe":1,"duneons:molot":1,"minecraft:golden_pickaxe":1},"minecraft:crafted":{"minecraft:oak_planks":32,"spartanshields:shield_basic_iron":2,"duneons:molot":1,"usefulbackpacks:backpack_small":1,"minecraft:cooked_mutton":5,"scalinghealth:power_crystal":2,"spartanshields:shield_basic_wood":2,"minecraft:cooked_porkchop":1,"minecraft:crafting_table":5,"minecraft:wooden_pickaxe":1,"minecraft:gold_block":13,"minecraft:diamond_pickaxe":1,"minecraft:stick":76,"usefulbackpacks:backpack_large":1,"minecraft:iron_ingot":124,"minecraft:iron_pickaxe":2,"minecraft:iron_block":12,"minecraft:stone_sword":1,"minecraft:gold_ingot":117,"minecraft:shears":1,"minecraft:wooden_sword":1,"duneons:goldslab":16,"minecraft:furnace":5,"usefulbackpacks:filter_configurator":1,"betterendforge:iron_hammer":2,"minecraft:diamond":9,"minecraft:stone_pickaxe":1,"usefulbackpacks:backpack_medium":1,"minecraft:redstone_block":15,"minecraft:golden_helmet":1,"minecraft:wheat":36,"minecraft:cooked_beef":9,"iceandfire:silver_ingot":29,"scalinghealth:heart_crystal":3,"minecraft:bucket":1,"minecraft:bread":13,"minecraft:air":0,"minecraft:acacia_planks":80,"minecraft:torch":208,"minecraft:lapis_block":8},"minecraft:used":{"minecraft:red_sand":8,"minecraft:spruce_slab":2,"minecraft:rotten_flesh":15,"minecraft:obsidian":6,"minecraft:milk_bucket":1,"duneons:molot":62,"minecraft:stone_brick_stairs":1,"minecraft:stone_bricks":12,"minecraft:furnace":6,"minecraft:mossy_stone_bricks":2,"minecraft:stone_pickaxe":73,"minecraft:oak_planks":12,"minecraft:blackstone":1,"minecraft:wooden_pickaxe":5,"minecraft:sandstone":1,"usefulbackpacks:filter_configurator":1,"minecraft:sand":5,"minecraft:shears":115,"duneons:bricker":1,"minecraft:bread":15,"tombstone:grave_key":26,"minecraft:wooden_sword":1,"minecraft:andesite":2,"duneons:doubleaxe":51,"minecraft:golden_pickaxe":32,"minecraft:cobweb":2,"minecraft:stripped_acacia_wood":1,"minecraft:stone_sword":24,"minecraft:flint_and_steel":1,"minecraft:netherrack":28,"minecraft:torch":237,"minecraft:dirt":8,"scalinghealth:heart_crystal":5,"minecraft:granite":3,"scalinghealth:power_crystal":2,"minecraft:beef":8,"tombstone:gift":4,"minecraft:cooked_mutton":5,"minecraft:water_bucket":44,"tombstone:scroll_of_knowledge":1,"minecraft:iron_ore":1,"minecraft:cracked_stone_bricks":3,"duneons:cutlass":3,"minecraft:rail":1,"minecraft:crafting_table":16,"tombstone:bag_of_seeds":2,"minecraft:diamond_pickaxe":75,"minecraft:iron_pickaxe":485,"spartanshields:shield_basic_iron":134,"minecraft:cobblestone":103,"minecraft:cooked_porkchop":1,"minecraft:porkchop":1,"minecraft:bucket":44,"betterendforge:iron_hammer":402,"minecraft:smooth_stone":2},"minecraft:picked_up":{"minecraft:anvil":1,"iceandfire:copper_ore":18,"minecraft:smithing_table":2,"usefulbackpacks:filter_configurator":1,"minecraft:enchanted_book":1,"minecraft:stone_brick_stairs":1,"tombstone:grave_key":1,"minecraft:string":9,"duneons:coin":34,"duneons:doubleaxe":1,"minecraft:gold_nugget":8,"minecraft:red_sand":5,"minecraft:smooth_stone":2,"minecraft:furnace":3,"minecraft:stick":26,"minecraft:torch":32,"minecraft:acacia_log":9,"iceandfire:silver_ore":29,"duneons:trone":2,"minecraft:porkchop":2,"tombstone:grave_dust":23,"minecraft:rotten_flesh":12,"artifacts:villager_hat":1,"duneons:stackofbooks":2,"minecraft:obsidian":3,"minecraft:cobblestone":212,"minecraft:enchanting_table":1,"minecraft:feather":2,"minecraft:water_bucket":4,"minecraft:andesite":2,"paraglider:spirit_orb":20,"minecraft:lapis_lazuli":73,"minecraft:dirt":20,"artifacts:flippers":1,"duneons:bricker":1,"artifacts:shock_pendant":1,"minecraft:leather_boots":1,"minecraft:bone":25,"minecraft:acacia_planks":65,"minecraft:bow":1,"minecraft:wheat_seeds":7,"minecraft:mossy_stone_bricks":2,"minecraft:glowstone_dust":61,"duneons:anvilwithhammer":1,"minecraft:stripped_acacia_wood":13,"duneons:dominoesdirtblock":2,"minecraft:sand":5,"minecraft:diamond_block":1,"duneons:poleaxe":1,"minecraft:chiseled_sandstone":1,"minecraft:barrel":1,"minecraft:diamond":10,"minecraft:granite":11,"minecraft:emerald":2,"minecraft:netherrack":77,"minecraft:crafting_table":13,"duneons:swamplog":1,"minecraft:brown_mushroom":1,"minecraft:wooden_pickaxe":1,"minecraft:gold_block":2,"minecraft:shield":1,"minecraft:wooden_sword":1,"minecraft:blackstone":3,"iceandfire:amythest_gem":13,"minecraft:cracked_stone_bricks":4,"duneons:warpbiggrass":3,"minecraft:beef":24,"minecraft:poppy":1,"minecraft:spruce_slab":2,"minecraft:light_gray_wool":5,"minecraft:egg":2,"minecraft:sandstone":10,"minecraft:redstone":134,"minecraft:tnt":9,"minecraft:arrow":26,"minecraft:shears":2,"minecraft:hay_block":4,"scalinghealth:power_crystal":1,"minecraft:mutton":6,"minecraft:white_wool":27,"minecraft:rail":10,"duneons:stonehorse":1,"minecraft:cut_sandstone":1,"minecraft:leather":17,"duneons:tallredmushrooms":1,"minecraft:oak_log":8,"scalinghealth:bandages":1,"duneons:eminencefungussprout":1,"minecraft:gunpowder":27,"scalinghealth:heart_crystal":2,"minecraft:white_banner":1,"duneons:torchflower":1,"minecraft:stone_bricks":21,"minecraft:iron_ingot":2,"minecraft:stone_pickaxe":1,"minecraft:cobweb":115,"minecraft:iron_ore":128,"scalinghealth:power_crystal_shard":23,"tombstone:bag_of_seeds":1,"artifacts:steadfast_spikes":2,"duneons:stonetablemap":1,"minecraft:book":6,"betterendforge:iron_hammer":2,"minecraft:warped_fungus":2,"scalinghealth:heart_crystal_shard":29,"endrem:witch_pupil":1,"minecraft:emerald_block":2,"minecraft:quartz":9,"duneons:arenaeyeblock":1,"minecraft:gold_ore":108,"minecraft:crying_obsidian":3,"duneons:warpedshelffungusstanding":1,"minecraft:gray_wool":1,"duneons:cobwebdig":2,"minecraft:coal":102},"minecraft:custom":{"minecraft:interact_with_crafting_table":46,"minecraft:open_barrel":1,"minecraft:leave_game":6,"minecraft:time_since_death":25183,"minecraft:damage_resisted":55,"minecraft:sprint_one_cm":733186,"minecraft:damage_blocked_by_shield":6330,"minecraft:drop":109,"minecraft:talked_to_villager":6,"minecraft:deaths":36,"minecraft:jump":3905,"minecraft:walk_on_water_one_cm":44490,"minecraft:interact_with_furnace":53,"minecraft:interact_with_cartography_table":1,"minecraft:play_one_minute":248930,"minecraft:sleep_in_bed":2,"minecraft:damage_dealt":22405,"minecraft:crouch_one_cm":16484,"tombstone:undead_killed":41,"minecraft:inspect_dispenser":3,"minecraft:interact_with_smithing_table":1,"minecraft:mob_kills":97,"minecraft:interact_with_anvil":1,"minecraft:climb_one_cm":3989,"minecraft:walk_one_cm":554836,"minecraft:sneak_time":6551,"minecraft:walk_under_water_one_cm":13512,"minecraft:interact_with_blast_furnace":7,"tombstone:raider_killed":5,"minecraft:time_since_rest":24908,"minecraft:damage_taken":14471,"minecraft:trigger_trapped_chest":1,"minecraft:swim_one_cm":26409,"minecraft:fly_one_cm":623803,"minecraft:open_chest":45,"minecraft:fall_one_cm":78193},"minecraft:killed":{"minecraft:cave_spider":2,"iceandfire:hippogryph":1,"minecraft:witch":1,"minecraft:spider":4,"duneons:wraith":1,"minecraft:skeleton":26,"dungeonsmod:pitcher":1,"artifacts:mimic":5,"minecraft:pig":1,"minecraft:creeper":1,"minecraft:sheep":6,"minecraft:pillager":3,"minecraft:zombie":13,"duneons:illagergeomancer":1,"minecraft:cow":12,"duneons:zombievangruard":1,"aquaculture:bluegill":1,"minecraft:vindicator":1,"minecraft:horse":7,"duneons:pigchest":3,"minecraft:llama":1,"duneons:vindicatorroyaleblue":2}},"DataVersion":2586}