{"stats":{"minecraft:mined":{"minecraft:dark_oak_planks":4,"minecraft:stone_pressure_plate":2,"minecraft:obsidian":3,"minecraft:granite":22,"minecraft:acacia_log":8,"minecraft:grass_block":12,"duneons:bamboobiggrass":1,"duneons:dungeonbarrel":1,"duneons:stoneworld":23,"minecraft:red_stained_glass_pane":3,"minecraft:spawner":30,"minecraft:tall_seagrass":1,"minecraft:smooth_stone":2,"minecraft:weeping_vines_plant":1,"duneons:eminencefungussprout":1,"minecraft:glowstone":18,"minecraft:iron_ore":127,"minecraft:barrel":1,"minecraft:fire":31,"minecraft:anvil":1,"minecraft:enchanting_table":1,"minecraft:oak_stairs":1,"minecraft:iron_bars":13,"minecraft:light_gray_concrete":1,"duneons:tallredmushrooms":1,"minecraft:spruce_slab":1,"duneons:leavesbigbamboo":1,"duneons:bush":3,"minecraft:cut_sandstone":7,"minecraft:brown_mushroom":1,"minecraft:blackstone":10,"duneons:warpedshelffungusstanding":1,"duneons:latticebriker":1,"duneons:bricker":1,"minecraft:poppy":1,"minecraft:white_stained_glass_pane":2,"minecraft:dead_bush":9,"duneons:dominoesdirtblock":1,"minecraft:nether_quartz_ore":6,"minecraft:cobblestone":15,"minecraft:oak_planks":2,"duneons:arenablockanim":1,"minecraft:bricks":4,"minecraft:iron_door":1,"minecraft:wall_torch":5,"minecraft:white_terracotta":5,"minecraft:light_blue_terracotta":2,"paraglider:horned_statue":1,"duneons:warpbiggrass":2,"minecraft:warped_fungus":2,"minecraft:tnt":9,"minecraft:stone_brick_stairs":1,"minecraft:yellow_stained_glass_pane":2,"minecraft:grass":84,"minecraft:oak_log":46,"minecraft:acacia_fence":2,"minecraft:sand":34,"minecraft:dirt":16,"minecraft:netherrack":110,"minecraft:oak_leaves":2,"minecraft:emerald_block":2,"minecraft:nether_gold_ore":2,"minecraft:diamond_ore":14,"minecraft:crying_obsidian":3,"scalinghealth:power_crystal_ore":34,"duneons:bluevangardvase":3,"iceandfire:silver_ore":29,"minecraft:mossy_cobblestone":5,"minecraft:dark_oak_log":3,"iceandfire:crackled_gravel":2,"duneons:skeletonbricker":1,"minecraft:nether_bricks":5,"minecraft:brick_stairs":1,"minecraft:spruce_leaves":2,"minecraft:sandstone":19,"minecraft:large_fern":2,"minecraft:hay_block":4,"duneons:bambootall":3,"minecraft:black_stained_glass_pane":1,"minecraft:redstone_ore":32,"duneons:anvilwithhammer":1,"minecraft:furnace":3,"iceandfire:copper_ore":6,"duneons:stackofbooks":2,"minecraft:chiseled_sandstone":1,"minecraft:snow":4,"iceandfire:chared_gravel":1,"minecraft:andesite":11,"minecraft:diamond_block":1,"duneons:torchflower":1,"minecraft:gold_block":2,"minecraft:bookshelf":26,"duneons:swamplog":4,"minecraft:rail":1,"minecraft:vine":3,"duneons:cobwebdig":2,"duneons:loot_biggrey":2,"minecraft:stone":413,"scalinghealth:heart_crystal_ore":35,"minecraft:smithing_table":1,"duneons:clayvase":1,"minecraft:acacia_leaves":4,"minecraft:gray_concrete":2,"minecraft:soul_sand":1,"duneons:trone":1,"minecraft:basalt":5,"duneons:bookshelfvangard":3,"minecraft:polished_granite":1,"duneons:coins":3,"minecraft:oak_fence":1,"minecraft:crafting_table":16,"minecraft:tall_grass":14,"iceandfire:amythest_ore":13,"minecraft:lapis_ore":12,"duneons:bookshelfdun":8,"minecraft:diorite":7,"minecraft:birch_planks":1,"minecraft:warped_wart_block":3,"usefulbackpacks:filter_configurator":1,"duneons:stonehorse":1,"duneons:popflower":1,"duneons:creeperpillaron":5,"minecraft:spruce_log":2,"minecraft:gray_bed":7,"minecraft:birch_leaves":1,"minecraft:coal_ore":135,"minecraft:gravel":2,"minecraft:cobweb":116,"duneons:creeperwoodsmusroom":1,"minecraft:cracked_stone_bricks":5,"duneons:stonetablemap":1,"minecraft:stripped_acacia_wood":13,"minecraft:stone_bricks":25,"minecraft:mossy_stone_bricks":3,"minecraft:gold_ore":112,"minecraft:fern":1,"paraglider:goddess_statue":4},"minecraft:custom":{"minecraft:interact_with_crafting_table":64,"minecraft:open_barrel":13,"minecraft:bell_ring":6,"minecraft:leave_game":11,"minecraft:time_since_death":4369,"minecraft:damage_resisted":258,"minecraft:sprint_one_cm":1719786,"minecraft:damage_blocked_by_shield":11641,"minecraft:drop":177,"minecraft:talked_to_villager":6,"minecraft:deaths":109,"minecraft:jump":8601,"minecraft:walk_on_water_one_cm":121435,"minecraft:interact_with_furnace":72,"minecraft:interact_with_cartography_table":1,"minecraft:play_one_minute":480895,"minecraft:sleep_in_bed":8,"minecraft:waystone_activated":1,"minecraft:damage_dealt":71569,"minecraft:crouch_one_cm":24377,"tombstone:undead_killed":85,"minecraft:inspect_dispenser":3,"minecraft:horse_one_cm":928610,"minecraft:interact_with_smithing_table":1,"minecraft:interact_with_anvil":1,"minecraft:mob_kills":249,"minecraft:damage_dealt_resisted":2134,"minecraft:climb_one_cm":12692,"minecraft:walk_one_cm":946654,"minecraft:sneak_time":9588,"minecraft:walk_under_water_one_cm":26072,"minecraft:interact_with_blast_furnace":8,"tombstone:raider_killed":19,"minecraft:tune_noteblock":1,"minecraft:interact_with_grindstone":3,"minecraft:time_since_rest":4078,"minecraft:damage_taken":63482,"minecraft:damage_absorbed":399,"minecraft:trigger_trapped_chest":4,"minecraft:swim_one_cm":159412,"minecraft:fly_one_cm":1616670,"minecraft:open_chest":130,"minecraft:fall_one_cm":214612},"minecraft:killed_by":{"minecraft:zombie_villager":1,"minecraft:creeper":2,"iceandfire:siren":2,"minecraft:vindicator":1,"duneons:endlinge":1,"artifacts:mimic":5,"minecraft:zombie":9,"duneons:vindicatorroyaleblue":2,"duneons:wraith":6,"iceandfire:fire_dragon":8,"iceandfire:deathworm":5,"illagers_plus:furantur":11,"duneons:zombievangruard":5,"iceandfire:hippogryph":2,"mowziesmobs:ferrous_wroughtnaut":23,"dungeonsmod:king":3,"minecraft:skeleton":8,"iceandfire:lightning_dragon":1,"dungeonsmod:guard":13},"minecraft:crafted":{"minecraft:oak_planks":184,"spartanshields:shield_basic_iron":2,"duneons:molot":1,"usefulbackpacks:backpack_small":2,"minecraft:stone":3,"minecraft:bookshelf":18,"tombstone:tablet_of_assistance":1,"minecraft:cooked_mutton":5,"minecraft:glass":14,"iceandfire:dragonbone_sword_lightning":1,"scalinghealth:power_crystal":2,"minecraft:gray_bed":1,"spartanshields:shield_basic_wood":2,"minecraft:glass_bottle":12,"minecraft:cooked_porkchop":1,"minecraft:crafting_table":7,"minecraft:spruce_planks":8,"minecraft:wooden_pickaxe":1,"minecraft:gold_block":13,"minecraft:diamond_pickaxe":1,"minecraft:stick":176,"usefulbackpacks:backpack_large":2,"minecraft:iron_ingot":124,"minecraft:iron_pickaxe":2,"minecraft:iron_block":12,"minecraft:stone_sword":1,"minecraft:gold_ingot":117,"minecraft:shears":2,"minecraft:wooden_sword":1,"duneons:goldslab":16,"tombstone:strange_tablet":1,"minecraft:furnace":8,"usefulbackpacks:filter_configurator":1,"betterendforge:iron_hammer":2,"minecraft:diamond":9,"minecraft:iron_axe":1,"minecraft:stone_pickaxe":1,"iceandfire:armor_bronze_chestplate":1,"usefulbackpacks:backpack_medium":2,"minecraft:redstone_block":15,"minecraft:dark_oak_planks":4,"minecraft:golden_helmet":1,"minecraft:wheat":36,"minecraft:cooked_beef":9,"iceandfire:dragonbone_sword":1,"iceandfire:silver_ingot":29,"iceandfire:armor_bronze_boots":1,"scalinghealth:heart_crystal":3,"minecraft:bucket":1,"minecraft:air":0,"minecraft:bread":13,"tombstone:dark_marble":2,"iceandfire:armor_bronze_leggings":1,"minecraft:acacia_planks":80,"minecraft:torch":384,"minecraft:lapis_block":8},"minecraft:broken":{"minecraft:golden_helmet":1,"duneons:crumsoncoresword":1,"minecraft:iron_boots":1,"minecraft:iron_chestplate":1,"betterendforge:iron_hammer":1,"minecraft:iron_leggings":2,"minecraft:chainmail_boots":1,"mowziesmobs:barakoa_mask_fury":1,"duneons:doubleaxe":1,"minecraft:shield":2,"spartanshields:shield_basic_iron":2,"minecraft:iron_pickaxe":1,"duneons:molot":1,"minecraft:iron_helmet":1,"minecraft:golden_pickaxe":1,"duneons:cutlass":1},"minecraft:picked_up":{"minecraft:wheat":1,"iceandfire:copper_ore":18,"minecraft:anvil":1,"minecraft:prismarine_shard":3,"minecraft:oak_stairs":1,"minecraft:smithing_table":2,"usefulbackpacks:filter_configurator":1,"minecraft:enchanted_book":4,"minecraft:knowledge_book":8,"minecraft:stone_brick_stairs":1,"tombstone:grave_key":1,"paraglider:goddess_statue":4,"minecraft:string":16,"duneons:coin":34,"duneons:doubleaxe":1,"minecraft:diamond_leggings":1,"minecraft:red_sand":5,"minecraft:gold_nugget":21,"minecraft:smooth_stone":2,"duneons:whip":1,"minecraft:furnace":3,"minecraft:tipped_arrow":1,"minecraft:stick":27,"duneons:cutlass":1,"minecraft:oak_fence":1,"minecraft:torch":35,"minecraft:acacia_log":9,"iceandfire:silver_ore":29,"duneons:trone":2,"minecraft:porkchop":2,"tombstone:grave_dust":27,"minecraft:cactus":1,"artifacts:lucky_scarf":1,"minecraft:rotten_flesh":31,"artifacts:villager_hat":1,"duneons:stackofbooks":2,"iceandfire:fire_dragon_heart":1,"minecraft:white_terracotta":2,"minecraft:obsidian":3,"minecraft:iron_bars":10,"minecraft:snowball":4,"minecraft:cobblestone":431,"minecraft:enchanting_table":1,"minecraft:feather":3,"minecraft:cooked_beef":32,"minecraft:iron_door":1,"minecraft:water_bucket":4,"minecraft:andesite":7,"mowziesmobs:barakoa_mask_fury":1,"paraglider:spirit_orb":92,"minecraft:lapis_lazuli":73,"minecraft:dirt":40,"iceandfire:dragonscales_bronze":21,"artifacts:flippers":1,"duneons:creepertotem":5,"duneons:bricker":1,"minecraft:polished_granite":1,"artifacts:shock_pendant":1,"minecraft:leather_boots":2,"minecraft:bone":36,"minecraft:acacia_planks":65,"minecraft:bow":2,"minecraft:wheat_seeds":12,"minecraft:mossy_stone_bricks":3,"minecraft:glowstone_dust":61,"duneons:anvilwithhammer":1,"minecraft:cooked_porkchop":2,"minecraft:warped_wart_block":3,"minecraft:stripped_acacia_wood":13,"duneons:dominoesdirtblock":2,"iceandfire:dragon_skull_fire":3,"iceandfire:shiny_scales":12,"minecraft:sand":37,"iceandfire:stymphalian_bird_feather":35,"minecraft:dark_oak_log":3,"iceandfire:lightning_dragon_heart":1,"minecraft:diamond_block":1,"duneons:poleaxe":1,"minecraft:chiseled_sandstone":1,"minecraft:barrel":1,"minecraft:diamond":19,"minecraft:granite":25,"minecraft:bone_meal":1,"minecraft:chainmail_helmet":1,"minecraft:emerald":14,"minecraft:oak_sapling":3,"minecraft:netherrack":108,"minecraft:diamond_pickaxe":1,"iceandfire:copper_ingot":3,"minecraft:chicken":2,"minecraft:crafting_table":16,"iceandfire:witherbone":1,"duneons:swamplog":1,"minecraft:brown_mushroom":1,"minecraft:wooden_pickaxe":1,"minecraft:gold_block":2,"minecraft:shield":1,"minecraft:wooden_sword":4,"minecraft:blackstone":7,"iceandfire:amythest_gem":13,"minecraft:cracked_stone_bricks":6,"duneons:warpbiggrass":3,"minecraft:beef":24,"minecraft:poppy":1,"minecraft:light_gray_wool":5,"minecraft:spruce_slab":2,"iceandfire:dragonscales_electric":5,"minecraft:egg":2,"minecraft:sandstone":19,"iceandfire:dragonbone":44,"iceandfire:dragonscales_green":15,"iceandfire:chared_grass":2,"iceandfire:deathworm_chitin_white":8,"minecraft:redstone":134,"minecraft:prismarine_crystals":5,"minecraft:stone_pressure_plate":1,"minecraft:dark_oak_planks":4,"duneons:dungeonbarrel":3,"minecraft:tnt":9,"minecraft:arrow":53,"minecraft:nether_bricks":6,"minecraft:shears":2,"minecraft:hay_block":4,"aquaculture:carp":2,"scalinghealth:power_crystal":1,"paraglider:horned_statue":1,"minecraft:mutton":6,"minecraft:rail":15,"minecraft:white_wool":81,"duneons:stonehorse":1,"minecraft:basalt":4,"minecraft:cut_sandstone":1,"minecraft:leather":30,"minecraft:golden_boots":1,"minecraft:chainmail_chestplate":1,"waystones:sandy_waystone":2,"duneons:tallredmushrooms":1,"minecraft:oak_log":46,"scalinghealth:bandages":3,"duneons:eminencefungussprout":1,"minecraft:gunpowder":27,"mowziesmobs:wrought_axe":1,"scalinghealth:heart_crystal":10,"duneons:longbow":1,"minecraft:white_banner":1,"minecraft:cooked_mutton":34,"duneons:torchflower":1,"minecraft:stone_bricks":29,"minecraft:iron_ingot":9,"minecraft:stone_pickaxe":1,"minecraft:cobweb":115,"minecraft:iron_ore":128,"scalinghealth:power_crystal_shard":46,"tombstone:bag_of_seeds":1,"artifacts:steadfast_spikes":2,"minecraft:glass_bottle":15,"minecraft:acacia_sapling":1,"minecraft:gray_bed":7,"iceandfire:fire_dragon_flesh":10,"duneons:stonetablemap":1,"minecraft:soul_sand":1,"minecraft:book":75,"betterendforge:iron_hammer":2,"endrem:witch_pupil":1,"scalinghealth:heart_crystal_shard":42,"minecraft:warped_fungus":2,"minecraft:emerald_block":2,"minecraft:dandelion":5,"minecraft:quartz":9,"duneons:arenaeyeblock":1,"mowziesmobs:barakoa_mask_bliss":1,"mowziesmobs:wrought_helmet":1,"minecraft:spruce_log":2,"minecraft:gold_ore":108,"minecraft:crying_obsidian":3,"minecraft:spider_eye":2,"duneons:warpedshelffungusstanding":1,"minecraft:gray_wool":4,"minecraft:baked_potato":1,"duneons:cobwebdig":2,"iceandfire:chared_gravel":1,"minecraft:coal":142},"minecraft:killed":{"mowziesmobs:barakoan_barakoana":7,"iceandfire:hippogryph":1,"minecraft:cave_spider":5,"minecraft:witch":1,"minecraft:spider":11,"duneons:wraith":1,"iceandfire:stymphalian_bird":2,"minecraft:skeleton":38,"illagers_plus:enchanter":1,"dungeonsmod:pitcher":1,"minecraft:silverfish":1,"aquaculture:carp":2,"artifacts:mimic":6,"duneons:endlinge":5,"minecraft:pig":2,"minecraft:creeper":2,"minecraft:sheep":28,"minecraft:pillager":4,"minecraft:zombie":31,"duneons:illagergeomancer":1,"minecraft:stray":7,"dungeonsmod:guard":1,"iceandfire:lightning_dragon":1,"minecraft:cow":27,"duneons:zombievangruard":1,"aquaculture:bluegill":1,"illagers_plus:furantur":12,"minecraft:vindicator":1,"minecraft:horse":8,"mowziesmobs:ferrous_wroughtnaut":1,"iceandfire:fire_dragon":2,"iceandfire:siren":3,"duneons:pigchest":3,"minecraft:llama":1,"iceandfire:deathworm":4,"minecraft:rabbit":2,"duneons:vindicatorroyaleblue":3,"mowziesmobs:barakoana":2,"minecraft:wither_skeleton":2},"minecraft:used":{"duneons:dungeonbarrel":1,"minecraft:red_sand":8,"minecraft:spruce_slab":2,"minecraft:shield":51,"minecraft:rotten_flesh":15,"minecraft:obsidian":16,"minecraft:milk_bucket":1,"duneons:spearbig":10,"duneons:molot":62,"minecraft:stone_brick_stairs":1,"minecraft:stone_bricks":20,"minecraft:furnace":9,"minecraft:gray_bed":7,"minecraft:mossy_stone_bricks":2,"spartanweaponry:katana_iron":48,"minecraft:oak_planks":12,"minecraft:stone_pickaxe":73,"minecraft:blackstone":1,"minecraft:wooden_pickaxe":5,"minecraft:sandstone":10,"usefulbackpacks:filter_configurator":1,"minecraft:white_wool":1,"minecraft:golden_apple":1,"minecraft:sand":20,"iceandfire:dragonbone_sword_lightning":35,"minecraft:shears":115,"duneons:claymoreblue":5,"minecraft:string":1,"duneons:bricker":1,"minecraft:bread":15,"tombstone:grave_key":99,"minecraft:diamond_sword":17,"minecraft:wooden_sword":1,"minecraft:andesite":2,"duneons:doubleaxe":51,"minecraft:golden_pickaxe":32,"minecraft:cobweb":2,"minecraft:stripped_acacia_wood":1,"minecraft:stone_sword":24,"minecraft:flint_and_steel":4,"minecraft:cooked_chicken":2,"minecraft:netherrack":106,"minecraft:torch":353,"minecraft:dirt":15,"scalinghealth:heart_crystal":13,"duneons:crumsoncoresword":103,"minecraft:granite":11,"minecraft:dark_oak_planks":8,"minecraft:bookshelf":1,"minecraft:iron_axe":95,"minecraft:oak_stairs":1,"scalinghealth:power_crystal":2,"minecraft:beef":8,"scalinghealth:bandages":1,"tombstone:gift":7,"minecraft:cooked_beef":22,"minecraft:cooked_mutton":20,"minecraft:water_bucket":44,"tombstone:scroll_of_knowledge":1,"duneons:whip":4,"minecraft:iron_ore":1,"minecraft:birch_planks":4,"minecraft:baked_potato":3,"duneons:cutlass":121,"minecraft:cracked_stone_bricks":3,"minecraft:rail":1,"minecraft:crafting_table":21,"tombstone:bag_of_seeds":2,"minecraft:diamond_pickaxe":523,"minecraft:apple":2,"aquaculture:carp":1,"minecraft:iron_pickaxe":485,"tombstone:magic_scroll":2,"spartanshields:shield_basic_iron":148,"minecraft:fishing_rod":1,"minecraft:cobblestone":266,"minecraft:potion":2,"minecraft:porkchop":1,"minecraft:cooked_porkchop":3,"minecraft:bucket":44,"betterendforge:iron_hammer":402,"minecraft:gray_wool":1,"minecraft:smooth_stone":2},"minecraft:dropped":{"minecraft:iron_sword":1,"minecraft:soul_sand":1,"minecraft:brown_mushroom":1,"minecraft:cooked_beef":9,"minecraft:lapis_lazuli":2,"minecraft:warped_fungus":2,"minecraft:baked_potato":1,"minecraft:glass_bottle":2,"duneons:warpbiggrass":3,"minecraft:leather":1,"minecraft:cracked_stone_bricks":3,"duneons:trone":1,"minecraft:iron_horse_armor":1,"duneons:cobwebdig":2,"minecraft:rail":8,"minecraft:cod":18,"minecraft:music_disc_13":1,"minecraft:emerald":1,"minecraft:dirt":4,"duneons:cutlass":1,"minecraft:mutton":1,"minecraft:snowball":4,"duneons:stonetablemap":1,"duneons:stackofbooks":1,"minecraft:wooden_sword":2,"minecraft:gold_nugget":22,"minecraft:sand":3,"duneons:eminencefungussprout":1,"minecraft:dark_oak_planks":1,"minecraft:white_wool":1,"duneons:stonehorse":1,"minecraft:bone":1,"duneons:doubleaxe":1,"minecraft:wheat":9,"minecraft:rotten_flesh":8,"duneons:dungeonbarrel":2,"minecraft:salmon":7,"iceandfire:copper_ore":18,"minecraft:chainmail_chestplate":1,"minecraft:poppy":1,"minecraft:skeleton_skull":1,"minecraft:acacia_sapling":1,"minecraft:leather_boots":2,"duneons:arenaeyeblock":1,"minecraft:glass":2,"minecraft:basalt":4,"minecraft:iron_bars":4,"minecraft:arrow":29,"minecraft:beef":3,"minecraft:warped_wart_block":3,"minecraft:crying_obsidian":3,"minecraft:netherrack":1,"minecraft:water_bucket":4,"minecraft:enchanted_book":2,"minecraft:wheat_seeds":3,"minecraft:smithing_table":1,"minecraft:cobblestone":25,"minecraft:granite":11,"minecraft:chainmail_helmet":1,"minecraft:coal":1,"minecraft:stick":17,"minecraft:torch":3,"tombstone:grave_key":5,"minecraft:iron_door":1,"tombstone:grave_dust":12,"duneons:tallredmushrooms":1,"minecraft:cactus":1,"minecraft:string":12,"minecraft:acacia_planks":57,"iceandfire:dragon_skull_fire":2,"minecraft:redstone":6,"minecraft:furnace":1,"minecraft:stone_sword":1,"betterendforge:iron_hammer":2,"minecraft:name_tag":1,"minecraft:white_terracotta":2,"minecraft:nether_bricks":4,"minecraft:shears":2,"minecraft:shield":2,"duneons:swamplog":1,"minecraft:spruce_planks":3,"artifacts:steadfast_spikes":1,"minecraft:mossy_stone_bricks":1,"iceandfire:silver_ingot":3,"minecraft:stone_pressure_plate":1,"minecraft:stone_bricks":9,"minecraft:bow":3,"minecraft:stone_pickaxe":2,"minecraft:wooden_pickaxe":2,"duneons:dominoesdirtblock":2}},"DataVersion":2586}