{"stats":{"minecraft:custom":{"minecraft:interact_with_smithing_table":1,"minecraft:interact_with_furnace":5,"minecraft:mob_kills":6,"minecraft:interact_with_crafting_table":8,"minecraft:open_barrel":1,"minecraft:play_one_minute":51050,"minecraft:leave_game":5,"minecraft:time_since_death":7729,"minecraft:time_since_rest":7535,"minecraft:sprint_one_cm":120879,"minecraft:damage_taken":4822,"minecraft:walk_one_cm":118608,"minecraft:damage_blocked_by_shield":481,"minecraft:drop":12,"minecraft:damage_dealt":2521,"minecraft:swim_one_cm":3111,"minecraft:fly_one_cm":143677,"minecraft:open_chest":1,"minecraft:crouch_one_cm":5406,"tombstone:undead_killed":1,"minecraft:deaths":17,"minecraft:sneak_time":2087,"minecraft:walk_under_water_one_cm":2419,"minecraft:jump":930,"minecraft:walk_on_water_one_cm":15267,"minecraft:fall_one_cm":17739},"minecraft:used":{"minecraft:water_bucket":3,"minecraft:stone_sword":24,"minecraft:stone_pickaxe":73,"minecraft:wooden_pickaxe":5,"minecraft:sandstone":1,"minecraft:torch":70,"minecraft:dirt":6,"minecraft:sand":5,"minecraft:crafting_table":4,"minecraft:granite":3,"minecraft:iron_pickaxe":153,"tombstone:grave_key":4,"spartanshields:shield_basic_iron":4,"minecraft:cobblestone":14,"minecraft:furnace":1,"minecraft:bucket":3,"minecraft:andesite":2,"tombstone:gift":2,"betterendforge:iron_hammer":33},"minecraft:crafted":{"spartanshields:shield_basic_wood":1,"spartanshields:shield_basic_iron":1,"minecraft:crafting_table":1,"minecraft:wooden_pickaxe":1,"minecraft:furnace":1,"minecraft:bucket":1,"minecraft:air":0,"betterendforge:iron_hammer":1,"minecraft:stick":28,"minecraft:iron_ingot":22,"minecraft:iron_pickaxe":1,"minecraft:stone_pickaxe":1,"minecraft:stone_sword":1,"minecraft:acacia_planks":32,"minecraft:torch":96},"minecraft:dropped":{"minecraft:wheat_seeds":3,"minecraft:poppy":1,"duneons:swamplog":1,"minecraft:torch":1,"tombstone:grave_key":5,"minecraft:wooden_pickaxe":1},"minecraft:picked_up":{"minecraft:crafting_table":4,"minecraft:feather":2,"duneons:swamplog":1,"iceandfire:copper_ore":5,"minecraft:andesite":2,"minecraft:leather":1,"minecraft:smithing_table":1,"minecraft:wooden_pickaxe":1,"paraglider:spirit_orb":2,"tombstone:grave_key":1,"minecraft:gunpowder":25,"minecraft:lapis_lazuli":46,"minecraft:dirt":20,"artifacts:shock_pendant":1,"minecraft:acacia_planks":24,"minecraft:wheat_seeds":7,"minecraft:red_sand":5,"minecraft:beef":3,"minecraft:iron_ingot":1,"minecraft:iron_ore":105,"minecraft:poppy":1,"artifacts:steadfast_spikes":1,"minecraft:furnace":1,"minecraft:stick":9,"scalinghealth:heart_crystal_shard":7,"minecraft:sandstone":1,"minecraft:torch":5,"minecraft:acacia_log":9,"iceandfire:silver_ore":8,"minecraft:sand":5,"minecraft:redstone":80,"minecraft:gold_ore":15,"minecraft:barrel":1,"minecraft:tnt":1,"minecraft:diamond":1,"minecraft:granite":7,"minecraft:coal":37,"minecraft:cobblestone":36},"minecraft:killed_by":{"minecraft:skeleton":2,"minecraft:creeper":1,"artifacts:mimic":3,"duneons:wraith":3,"duneons:zombievangruard":5,"iceandfire:hippogryph":2},"minecraft:killed":{"iceandfire:hippogryph":1,"duneons:wraith":1,"artifacts:mimic":2,"minecraft:cow":1},"minecraft:mined":{"minecraft:smithing_table":1,"minecraft:diamond_ore":1,"minecraft:acacia_leaves":4,"iceandfire:silver_ore":8,"minecraft:crafting_table":4,"minecraft:granite":8,"minecraft:acacia_log":8,"minecraft:grass_block":5,"minecraft:poppy":1,"minecraft:dead_bush":9,"minecraft:tall_grass":4,"minecraft:lapis_ore":7,"minecraft:sandstone":1,"minecraft:wall_torch":4,"minecraft:spawner":1,"minecraft:redstone_ore":18,"minecraft:furnace":1,"iceandfire:copper_ore":5,"minecraft:iron_ore":103,"minecraft:barrel":1,"minecraft:andesite":1,"minecraft:grass":50,"duneons:swamplog":1,"minecraft:coal_ore":35,"minecraft:dirt":1,"minecraft:sand":5,"minecraft:stone":38,"minecraft:gold_ore":17,"scalinghealth:heart_crystal_ore":7}},"DataVersion":2586}