{"stats":{"minecraft:used":{"minecraft:dirt":6},"minecraft:mined":{"minecraft:large_fern":5,"minecraft:spruce_leaves":2,"minecraft:grass_block":6,"minecraft:spruce_log":2},"minecraft:custom":{"minecraft:jump":56,"minecraft:time_since_rest":2896,"minecraft:leave_game":1,"minecraft:crouch_one_cm":29,"minecraft:play_one_minute":2896,"minecraft:sprint_one_cm":5123,"minecraft:time_since_death":2896,"minecraft:walk_one_cm":3603,"minecraft:sneak_time":10,"minecraft:fall_one_cm":1790,"minecraft:drop":5,"minecraft:fly_one_cm":8087},"minecraft:dropped":{"minecraft:dirt":2,"minecraft:spruce_log":2,"minecraft:wheat_seeds":1},"minecraft:picked_up":{"minecraft:spruce_log":4,"minecraft:wheat_seeds":1,"minecraft:dirt":8}},"DataVersion":2586}