{"stats":{"minecraft:custom":{"minecraft:interact_with_smithing_table":1,"minecraft:mob_kills":14,"minecraft:interact_with_crafting_table":13,"minecraft:open_barrel":1,"minecraft:leave_game":5,"minecraft:time_since_death":10982,"minecraft:climb_one_cm":515,"minecraft:sprint_one_cm":173500,"minecraft:walk_one_cm":230032,"minecraft:damage_blocked_by_shield":1548,"minecraft:drop":22,"minecraft:deaths":22,"minecraft:sneak_time":3018,"minecraft:walk_under_water_one_cm":6738,"minecraft:jump":1356,"minecraft:walk_on_water_one_cm":21279,"minecraft:interact_with_furnace":23,"minecraft:interact_with_cartography_table":1,"minecraft:play_one_minute":87050,"minecraft:time_since_rest":10723,"minecraft:damage_taken":6383,"minecraft:damage_dealt":4508,"minecraft:swim_one_cm":3111,"minecraft:fly_one_cm":167397,"minecraft:open_chest":9,"minecraft:crouch_one_cm":8227,"tombstone:undead_killed":6,"minecraft:fall_one_cm":22622,"minecraft:inspect_dispenser":3},"minecraft:used":{"minecraft:red_sand":8,"minecraft:stone_sword":24,"minecraft:spruce_slab":2,"minecraft:torch":131,"minecraft:dirt":8,"scalinghealth:heart_crystal":2,"minecraft:granite":3,"scalinghealth:power_crystal":1,"minecraft:furnace":4,"tombstone:gift":2,"minecraft:water_bucket":21,"minecraft:stone_pickaxe":73,"minecraft:wooden_pickaxe":5,"minecraft:sandstone":1,"minecraft:sand":5,"minecraft:crafting_table":5,"duneons:bricker":1,"minecraft:iron_pickaxe":248,"tombstone:grave_key":7,"spartanshields:shield_basic_iron":36,"minecraft:cobblestone":32,"minecraft:andesite":2,"minecraft:bucket":22,"betterendforge:iron_hammer":216},"minecraft:crafted":{"spartanshields:shield_basic_iron":1,"minecraft:furnace":4,"betterendforge:iron_hammer":1,"minecraft:diamond":9,"minecraft:stone_pickaxe":1,"minecraft:redstone_block":15,"scalinghealth:power_crystal":1,"spartanshields:shield_basic_wood":1,"minecraft:crafting_table":1,"minecraft:wooden_pickaxe":1,"scalinghealth:heart_crystal":1,"minecraft:bucket":1,"minecraft:bread":1,"minecraft:air":0,"minecraft:stick":36,"minecraft:iron_ingot":48,"minecraft:iron_pickaxe":1,"minecraft:stone_sword":1,"minecraft:acacia_planks":32,"minecraft:torch":128},"minecraft:broken":{"minecraft:iron_pickaxe":1},"minecraft:dropped":{"minecraft:brown_mushroom":1,"minecraft:wheat_seeds":3,"minecraft:smithing_table":1,"minecraft:cobblestone":13,"minecraft:granite":8,"minecraft:torch":1,"tombstone:grave_key":5,"minecraft:acacia_planks":1,"minecraft:stone_sword":1,"minecraft:poppy":1,"duneons:swamplog":1,"minecraft:wooden_pickaxe":2,"minecraft:stone_pickaxe":2},"minecraft:picked_up":{"minecraft:crafting_table":4,"iceandfire:copper_ore":6,"duneons:swamplog":1,"minecraft:brown_mushroom":1,"minecraft:smithing_table":2,"minecraft:wooden_pickaxe":1,"tombstone:grave_key":1,"minecraft:string":2,"duneons:coin":24,"iceandfire:amythest_gem":11,"minecraft:red_sand":5,"minecraft:beef":3,"minecraft:poppy":1,"minecraft:spruce_slab":2,"minecraft:furnace":1,"minecraft:stick":9,"minecraft:sandstone":1,"minecraft:torch":5,"minecraft:acacia_log":9,"iceandfire:silver_ore":29,"duneons:trone":1,"tombstone:grave_dust":2,"minecraft:redstone":131,"minecraft:tnt":1,"minecraft:arrow":2,"minecraft:rotten_flesh":2,"duneons:stackofbooks":1,"scalinghealth:power_crystal":1,"minecraft:cobblestone":87,"duneons:stonehorse":1,"minecraft:feather":2,"minecraft:andesite":2,"minecraft:leather":1,"paraglider:spirit_orb":4,"minecraft:gunpowder":25,"scalinghealth:heart_crystal":1,"minecraft:lapis_lazuli":73,"minecraft:dirt":20,"duneons:bricker":1,"artifacts:shock_pendant":1,"minecraft:bone":2,"minecraft:acacia_planks":25,"minecraft:wheat_seeds":7,"minecraft:stone_pickaxe":1,"minecraft:iron_ingot":1,"minecraft:iron_ore":127,"scalinghealth:power_crystal_shard":13,"artifacts:steadfast_spikes":1,"scalinghealth:heart_crystal_shard":16,"duneons:anvilwithhammer":1,"minecraft:sand":5,"minecraft:gold_ore":63,"duneons:poleaxe":1,"minecraft:diamond_block":1,"minecraft:barrel":1,"minecraft:diamond":1,"minecraft:granite":11,"minecraft:emerald":1,"minecraft:coal":66},"minecraft:killed_by":{"minecraft:creeper":1,"duneons:zombievangruard":5,"iceandfire:hippogryph":2,"minecraft:skeleton":2,"artifacts:mimic":3,"minecraft:zombie":2,"duneons:vindicatorroyaleblue":2,"duneons:wraith":4},"minecraft:killed":{"iceandfire:hippogryph":1,"minecraft:spider":1,"duneons:wraith":1,"minecraft:skeleton":2,"artifacts:mimic":2,"duneons:vindicatorroyaleblue":2,"minecraft:zombie":3,"minecraft:cow":1},"minecraft:mined":{"minecraft:diamond_ore":1,"scalinghealth:power_crystal_ore":13,"iceandfire:silver_ore":29,"duneons:skeletonbricker":1,"minecraft:granite":8,"minecraft:acacia_log":8,"minecraft:grass_block":5,"minecraft:sandstone":1,"minecraft:spawner":2,"minecraft:redstone_ore":32,"duneons:anvilwithhammer":1,"minecraft:furnace":1,"iceandfire:copper_ore":6,"duneons:stackofbooks":1,"minecraft:barrel":1,"minecraft:iron_ore":126,"minecraft:andesite":1,"minecraft:diamond_block":1,"duneons:swamplog":1,"minecraft:stone":101,"minecraft:spruce_slab":1,"scalinghealth:heart_crystal_ore":16,"minecraft:smithing_table":1,"duneons:clayvase":1,"minecraft:acacia_leaves":4,"minecraft:brown_mushroom":1,"duneons:trone":1,"duneons:bricker":1,"duneons:coins":3,"minecraft:crafting_table":4,"minecraft:poppy":1,"minecraft:dead_bush":9,"minecraft:tall_grass":4,"minecraft:cobblestone":1,"iceandfire:amythest_ore":11,"minecraft:lapis_ore":12,"minecraft:wall_torch":4,"duneons:stonehorse":1,"minecraft:grass":50,"minecraft:coal_ore":66,"minecraft:sand":5,"minecraft:gravel":2,"minecraft:dirt":1,"minecraft:gold_ore":65}},"DataVersion":2586}