{"stats":{"minecraft:custom":{"minecraft:interact_with_smithing_table":1,"minecraft:interact_with_furnace":5,"minecraft:mob_kills":5,"minecraft:interact_with_crafting_table":7,"minecraft:open_barrel":1,"minecraft:play_one_minute":39050,"minecraft:leave_game":5,"minecraft:time_since_death":4916,"minecraft:time_since_rest":4625,"minecraft:sprint_one_cm":88876,"minecraft:damage_taken":4138,"minecraft:walk_one_cm":79585,"minecraft:damage_blocked_by_shield":405,"minecraft:drop":10,"minecraft:damage_dealt":1929,"minecraft:swim_one_cm":2946,"minecraft:fly_one_cm":129274,"minecraft:crouch_one_cm":5399,"tombstone:undead_killed":1,"minecraft:deaths":15,"minecraft:sneak_time":2075,"minecraft:walk_under_water_one_cm":1767,"minecraft:jump":752,"minecraft:walk_on_water_one_cm":4971,"minecraft:fall_one_cm":16038},"minecraft:used":{"minecraft:stone_sword":24,"minecraft:stone_pickaxe":73,"minecraft:wooden_pickaxe":5,"minecraft:sandstone":1,"minecraft:torch":36,"minecraft:dirt":5,"minecraft:sand":5,"minecraft:crafting_table":3,"minecraft:granite":3,"minecraft:iron_pickaxe":20,"tombstone:grave_key":4,"spartanshields:shield_basic_iron":2,"minecraft:cobblestone":9,"minecraft:furnace":1,"minecraft:andesite":1,"tombstone:gift":2,"betterendforge:iron_hammer":25},"minecraft:crafted":{"spartanshields:shield_basic_wood":1,"spartanshields:shield_basic_iron":1,"minecraft:crafting_table":1,"minecraft:wooden_pickaxe":1,"minecraft:furnace":1,"minecraft:air":0,"betterendforge:iron_hammer":1,"minecraft:stick":20,"minecraft:iron_ingot":22,"minecraft:iron_pickaxe":1,"minecraft:stone_pickaxe":1,"minecraft:stone_sword":1,"minecraft:acacia_planks":32,"minecraft:torch":36},"minecraft:dropped":{"minecraft:wheat_seeds":3,"minecraft:poppy":1,"tombstone:grave_key":5,"minecraft:wooden_pickaxe":1},"minecraft:picked_up":{"minecraft:crafting_table":3,"minecraft:feather":2,"minecraft:andesite":2,"minecraft:leather":1,"minecraft:smithing_table":1,"minecraft:wooden_pickaxe":1,"tombstone:grave_key":1,"minecraft:gunpowder":25,"minecraft:dirt":20,"artifacts:shock_pendant":1,"minecraft:acacia_planks":24,"minecraft:wheat_seeds":7,"minecraft:red_sand":5,"minecraft:beef":3,"minecraft:iron_ingot":1,"minecraft:iron_ore":47,"minecraft:poppy":1,"minecraft:furnace":1,"minecraft:stick":9,"scalinghealth:heart_crystal_shard":3,"minecraft:sandstone":1,"minecraft:torch":4,"minecraft:acacia_log":9,"iceandfire:silver_ore":2,"minecraft:sand":5,"minecraft:gold_ore":1,"minecraft:barrel":1,"minecraft:tnt":1,"minecraft:granite":3,"minecraft:coal":35,"minecraft:cobblestone":28},"minecraft:killed_by":{"minecraft:skeleton":2,"minecraft:creeper":1,"artifacts:mimic":1,"duneons:wraith":3,"duneons:zombievangruard":5,"iceandfire:hippogryph":2},"minecraft:killed":{"iceandfire:hippogryph":1,"duneons:wraith":1,"artifacts:mimic":1,"minecraft:cow":1},"minecraft:mined":{"minecraft:smithing_table":1,"minecraft:acacia_leaves":4,"iceandfire:silver_ore":2,"minecraft:crafting_table":3,"minecraft:granite":3,"minecraft:acacia_log":8,"minecraft:grass_block":5,"minecraft:poppy":1,"minecraft:dead_bush":9,"minecraft:tall_grass":4,"minecraft:sandstone":1,"minecraft:wall_torch":4,"minecraft:furnace":1,"minecraft:iron_ore":45,"minecraft:barrel":1,"minecraft:andesite":1,"minecraft:grass":50,"minecraft:coal_ore":33,"minecraft:dirt":1,"minecraft:sand":5,"minecraft:stone":29,"minecraft:gold_ore":1,"scalinghealth:heart_crystal_ore":3}},"DataVersion":2586}