{"stats":{"minecraft:picked_up":{"minecraft:wheat":1,"iceandfire:copper_ore":18,"minecraft:anvil":1,"minecraft:prismarine_shard":3,"minecraft:smithing_table":2,"usefulbackpacks:filter_configurator":1,"minecraft:enchanted_book":3,"minecraft:knowledge_book":7,"minecraft:stone_brick_stairs":1,"tombstone:grave_key":1,"paraglider:goddess_statue":3,"minecraft:string":16,"duneons:coin":34,"duneons:doubleaxe":1,"minecraft:smooth_stone":2,"minecraft:diamond_leggings":1,"minecraft:red_sand":5,"minecraft:gold_nugget":12,"duneons:whip":1,"minecraft:furnace":3,"minecraft:tipped_arrow":1,"minecraft:stick":26,"duneons:cutlass":1,"minecraft:torch":35,"minecraft:acacia_log":9,"iceandfire:silver_ore":29,"duneons:trone":2,"minecraft:porkchop":2,"tombstone:grave_dust":27,"artifacts:lucky_scarf":1,"minecraft:rotten_flesh":25,"artifacts:villager_hat":1,"duneons:stackofbooks":2,"minecraft:white_terracotta":1,"minecraft:obsidian":3,"minecraft:iron_bars":5,"minecraft:snowball":4,"minecraft:cobblestone":361,"minecraft:enchanting_table":1,"minecraft:feather":2,"minecraft:cooked_beef":9,"minecraft:iron_door":1,"minecraft:water_bucket":4,"minecraft:andesite":7,"mowziesmobs:barakoa_mask_fury":1,"paraglider:spirit_orb":72,"minecraft:lapis_lazuli":73,"minecraft:dirt":26,"artifacts:flippers":1,"duneons:creepertotem":5,"duneons:bricker":1,"artifacts:shock_pendant":1,"minecraft:leather_boots":2,"minecraft:bone":35,"minecraft:acacia_planks":65,"minecraft:bow":1,"minecraft:wheat_seeds":7,"minecraft:mossy_stone_bricks":3,"minecraft:glowstone_dust":61,"duneons:anvilwithhammer":1,"minecraft:cooked_porkchop":2,"minecraft:warped_wart_block":3,"minecraft:stripped_acacia_wood":13,"duneons:dominoesdirtblock":2,"iceandfire:shiny_scales":12,"minecraft:sand":8,"minecraft:diamond_block":1,"duneons:poleaxe":1,"minecraft:chiseled_sandstone":1,"minecraft:barrel":1,"minecraft:diamond":18,"minecraft:granite":14,"minecraft:chainmail_helmet":1,"minecraft:emerald":2,"minecraft:netherrack":108,"minecraft:diamond_pickaxe":1,"minecraft:crafting_table":15,"iceandfire:witherbone":1,"duneons:swamplog":1,"minecraft:brown_mushroom":1,"minecraft:wooden_pickaxe":1,"minecraft:gold_block":2,"minecraft:shield":1,"minecraft:wooden_sword":1,"minecraft:blackstone":7,"iceandfire:amythest_gem":13,"minecraft:cracked_stone_bricks":6,"duneons:warpbiggrass":3,"minecraft:beef":24,"minecraft:poppy":1,"minecraft:light_gray_wool":5,"minecraft:spruce_slab":2,"minecraft:egg":2,"minecraft:sandstone":10,"iceandfire:deathworm_chitin_white":1,"minecraft:redstone":134,"minecraft:prismarine_crystals":5,"minecraft:stone_pressure_plate":1,"duneons:dungeonbarrel":3,"minecraft:tnt":9,"minecraft:arrow":53,"minecraft:nether_bricks":6,"minecraft:shears":2,"minecraft:hay_block":4,"aquaculture:carp":2,"scalinghealth:power_crystal":1,"paraglider:horned_statue":1,"minecraft:mutton":6,"minecraft:rail":10,"minecraft:white_wool":75,"duneons:stonehorse":1,"minecraft:basalt":4,"minecraft:cut_sandstone":1,"minecraft:leather":24,"minecraft:chainmail_chestplate":1,"waystones:sandy_waystone":1,"duneons:tallredmushrooms":1,"minecraft:oak_log":8,"scalinghealth:bandages":3,"duneons:eminencefungussprout":1,"minecraft:gunpowder":27,"mowziesmobs:wrought_axe":1,"scalinghealth:heart_crystal":7,"duneons:longbow":1,"minecraft:white_banner":1,"minecraft:cooked_mutton":29,"duneons:torchflower":1,"minecraft:stone_bricks":29,"minecraft:iron_ingot":3,"minecraft:stone_pickaxe":1,"minecraft:cobweb":115,"minecraft:iron_ore":128,"scalinghealth:power_crystal_shard":46,"tombstone:bag_of_seeds":1,"artifacts:steadfast_spikes":2,"minecraft:gray_bed":4,"duneons:stonetablemap":1,"minecraft:soul_sand":1,"minecraft:book":18,"betterendforge:iron_hammer":2,"endrem:witch_pupil":1,"scalinghealth:heart_crystal_shard":42,"minecraft:warped_fungus":2,"minecraft:emerald_block":2,"minecraft:quartz":9,"duneons:arenaeyeblock":1,"mowziesmobs:barakoa_mask_bliss":1,"mowziesmobs:wrought_helmet":1,"minecraft:spruce_log":2,"minecraft:gold_ore":108,"minecraft:crying_obsidian":3,"minecraft:spider_eye":2,"duneons:warpedshelffungusstanding":1,"minecraft:gray_wool":4,"minecraft:baked_potato":1,"duneons:cobwebdig":2,"minecraft:coal":126},"minecraft:broken":{"minecraft:golden_helmet":1,"minecraft:iron_boots":1,"betterendforge:iron_hammer":1,"minecraft:iron_leggings":1,"minecraft:chainmail_boots":1,"duneons:doubleaxe":1,"minecraft:shield":1,"spartanshields:shield_basic_iron":2,"minecraft:iron_pickaxe":1,"duneons:molot":1,"minecraft:iron_helmet":1,"minecraft:golden_pickaxe":1,"duneons:cutlass":1},"minecraft:mined":{"minecraft:stone_pressure_plate":2,"minecraft:obsidian":3,"minecraft:granite":11,"minecraft:acacia_log":8,"minecraft:grass_block":10,"duneons:bamboobiggrass":1,"duneons:dungeonbarrel":1,"duneons:stoneworld":8,"minecraft:red_stained_glass_pane":3,"minecraft:spawner":23,"minecraft:smooth_stone":2,"minecraft:weeping_vines_plant":1,"duneons:eminencefungussprout":1,"minecraft:glowstone":18,"minecraft:iron_ore":127,"minecraft:barrel":1,"minecraft:fire":20,"minecraft:anvil":1,"minecraft:enchanting_table":1,"minecraft:iron_bars":5,"duneons:tallredmushrooms":1,"duneons:leavesbigbamboo":1,"minecraft:spruce_slab":1,"duneons:bush":3,"minecraft:cut_sandstone":7,"minecraft:brown_mushroom":1,"minecraft:blackstone":10,"duneons:warpedshelffungusstanding":1,"duneons:latticebriker":1,"duneons:bricker":1,"minecraft:poppy":1,"minecraft:dead_bush":9,"duneons:dominoesdirtblock":1,"minecraft:nether_quartz_ore":6,"minecraft:cobblestone":15,"duneons:arenablockanim":1,"minecraft:bricks":4,"minecraft:iron_door":1,"minecraft:wall_torch":5,"minecraft:white_terracotta":3,"minecraft:light_blue_terracotta":2,"paraglider:horned_statue":1,"duneons:warpbiggrass":2,"minecraft:warped_fungus":2,"minecraft:tnt":9,"minecraft:stone_brick_stairs":1,"minecraft:yellow_stained_glass_pane":2,"minecraft:grass":66,"minecraft:oak_log":8,"minecraft:acacia_fence":2,"minecraft:sand":5,"minecraft:dirt":14,"minecraft:netherrack":110,"minecraft:emerald_block":2,"minecraft:nether_gold_ore":2,"minecraft:diamond_ore":14,"minecraft:crying_obsidian":3,"scalinghealth:power_crystal_ore":34,"duneons:bluevangardvase":3,"iceandfire:silver_ore":29,"minecraft:mossy_cobblestone":5,"duneons:skeletonbricker":1,"minecraft:nether_bricks":5,"minecraft:brick_stairs":1,"minecraft:spruce_leaves":2,"minecraft:sandstone":10,"minecraft:large_fern":1,"minecraft:hay_block":4,"duneons:bambootall":3,"minecraft:black_stained_glass_pane":1,"minecraft:redstone_ore":32,"duneons:anvilwithhammer":1,"minecraft:furnace":3,"iceandfire:copper_ore":6,"duneons:stackofbooks":2,"minecraft:chiseled_sandstone":1,"minecraft:snow":4,"minecraft:andesite":11,"minecraft:diamond_block":1,"duneons:torchflower":1,"minecraft:gold_block":2,"minecraft:bookshelf":6,"duneons:swamplog":4,"duneons:cobwebdig":2,"minecraft:vine":3,"duneons:loot_biggrey":1,"minecraft:stone":355,"scalinghealth:heart_crystal_ore":35,"minecraft:smithing_table":1,"duneons:clayvase":1,"minecraft:acacia_leaves":4,"minecraft:soul_sand":1,"duneons:trone":1,"minecraft:basalt":5,"duneons:bookshelfvangard":2,"minecraft:polished_granite":1,"duneons:coins":3,"minecraft:crafting_table":15,"minecraft:tall_grass":12,"iceandfire:amythest_ore":13,"minecraft:lapis_ore":12,"duneons:bookshelfdun":7,"minecraft:diorite":7,"minecraft:warped_wart_block":3,"usefulbackpacks:filter_configurator":1,"duneons:stonehorse":1,"duneons:popflower":1,"duneons:creeperpillaron":5,"minecraft:spruce_log":2,"minecraft:gray_bed":4,"minecraft:birch_leaves":1,"minecraft:coal_ore":120,"minecraft:gravel":2,"minecraft:cobweb":116,"duneons:creeperwoodsmusroom":1,"minecraft:cracked_stone_bricks":5,"duneons:stonetablemap":1,"minecraft:stripped_acacia_wood":13,"minecraft:stone_bricks":25,"minecraft:mossy_stone_bricks":3,"minecraft:gold_ore":112,"minecraft:fern":1,"paraglider:goddess_statue":3},"minecraft:dropped":{"minecraft:iron_sword":1,"minecraft:soul_sand":1,"minecraft:brown_mushroom":1,"minecraft:lapis_lazuli":2,"minecraft:warped_fungus":2,"minecraft:baked_potato":1,"minecraft:glass_bottle":1,"duneons:warpbiggrass":3,"minecraft:leather":1,"duneons:trone":1,"minecraft:iron_horse_armor":1,"minecraft:cracked_stone_bricks":3,"duneons:cobwebdig":2,"minecraft:rail":8,"minecraft:cod":18,"minecraft:music_disc_13":1,"minecraft:emerald":1,"minecraft:dirt":4,"duneons:cutlass":1,"minecraft:mutton":1,"duneons:stonetablemap":1,"duneons:stackofbooks":1,"minecraft:wooden_sword":2,"minecraft:gold_nugget":12,"duneons:eminencefungussprout":1,"duneons:stonehorse":1,"minecraft:bone":1,"duneons:doubleaxe":1,"minecraft:wheat":1,"duneons:dungeonbarrel":2,"minecraft:salmon":7,"iceandfire:copper_ore":18,"minecraft:chainmail_chestplate":1,"minecraft:poppy":1,"minecraft:leather_boots":2,"duneons:arenaeyeblock":1,"minecraft:basalt":4,"minecraft:iron_bars":4,"minecraft:arrow":29,"minecraft:beef":3,"minecraft:warped_wart_block":3,"minecraft:crying_obsidian":3,"minecraft:netherrack":1,"minecraft:water_bucket":4,"minecraft:enchanted_book":2,"minecraft:wheat_seeds":3,"minecraft:smithing_table":1,"minecraft:cobblestone":17,"minecraft:granite":8,"minecraft:chainmail_helmet":1,"minecraft:coal":1,"minecraft:stick":17,"minecraft:torch":3,"tombstone:grave_key":5,"minecraft:iron_door":1,"tombstone:grave_dust":12,"duneons:tallredmushrooms":1,"minecraft:string":12,"minecraft:acacia_planks":57,"minecraft:redstone":6,"minecraft:furnace":1,"minecraft:stone_sword":1,"betterendforge:iron_hammer":2,"minecraft:name_tag":1,"minecraft:nether_bricks":4,"minecraft:shears":2,"minecraft:shield":2,"duneons:swamplog":1,"artifacts:steadfast_spikes":1,"minecraft:mossy_stone_bricks":1,"iceandfire:silver_ingot":3,"minecraft:stone_pressure_plate":1,"minecraft:stone_bricks":9,"minecraft:bow":3,"minecraft:stone_pickaxe":2,"minecraft:wooden_pickaxe":2,"duneons:dominoesdirtblock":2},"minecraft:crafted":{"minecraft:oak_planks":32,"spartanshields:shield_basic_iron":2,"duneons:molot":1,"usefulbackpacks:backpack_small":1,"minecraft:cooked_mutton":5,"scalinghealth:power_crystal":2,"minecraft:gray_bed":1,"spartanshields:shield_basic_wood":2,"minecraft:cooked_porkchop":1,"minecraft:crafting_table":5,"minecraft:spruce_planks":8,"minecraft:wooden_pickaxe":1,"minecraft:gold_block":13,"minecraft:diamond_pickaxe":1,"minecraft:stick":88,"usefulbackpacks:backpack_large":1,"minecraft:iron_ingot":124,"minecraft:iron_pickaxe":2,"minecraft:iron_block":12,"minecraft:stone_sword":1,"minecraft:gold_ingot":117,"minecraft:shears":2,"minecraft:wooden_sword":1,"duneons:goldslab":16,"minecraft:furnace":5,"usefulbackpacks:filter_configurator":1,"betterendforge:iron_hammer":2,"minecraft:diamond":9,"minecraft:iron_axe":1,"minecraft:stone_pickaxe":1,"usefulbackpacks:backpack_medium":1,"minecraft:redstone_block":15,"minecraft:golden_helmet":1,"minecraft:wheat":36,"minecraft:cooked_beef":9,"iceandfire:silver_ingot":29,"scalinghealth:heart_crystal":3,"minecraft:bucket":1,"minecraft:air":0,"minecraft:bread":13,"minecraft:acacia_planks":80,"minecraft:torch":308,"minecraft:lapis_block":8},"minecraft:killed_by":{"minecraft:zombie_villager":1,"minecraft:creeper":2,"iceandfire:siren":2,"minecraft:vindicator":1,"duneons:endlinge":1,"artifacts:mimic":5,"minecraft:zombie":7,"duneons:vindicatorroyaleblue":2,"duneons:wraith":6,"iceandfire:deathworm":3,"duneons:zombievangruard":5,"iceandfire:hippogryph":2,"mowziesmobs:ferrous_wroughtnaut":23,"dungeonsmod:king":3,"minecraft:skeleton":7,"dungeonsmod:guard":13},"minecraft:killed":{"mowziesmobs:barakoan_barakoana":3,"iceandfire:hippogryph":1,"minecraft:cave_spider":5,"minecraft:witch":1,"minecraft:spider":8,"duneons:wraith":1,"minecraft:skeleton":33,"dungeonsmod:pitcher":1,"minecraft:silverfish":1,"aquaculture:carp":2,"artifacts:mimic":6,"duneons:endlinge":5,"minecraft:pig":2,"minecraft:creeper":1,"minecraft:sheep":25,"minecraft:pillager":3,"minecraft:zombie":26,"duneons:illagergeomancer":1,"minecraft:stray":5,"dungeonsmod:guard":1,"minecraft:cow":17,"duneons:zombievangruard":1,"aquaculture:bluegill":1,"minecraft:vindicator":1,"minecraft:horse":8,"mowziesmobs:ferrous_wroughtnaut":1,"iceandfire:siren":3,"duneons:pigchest":3,"minecraft:llama":1,"iceandfire:deathworm":1,"duneons:vindicatorroyaleblue":2,"mowziesmobs:barakoana":1,"minecraft:wither_skeleton":2},"minecraft:custom":{"minecraft:interact_with_crafting_table":49,"minecraft:open_barrel":10,"minecraft:bell_ring":6,"minecraft:leave_game":9,"minecraft:time_since_death":1514,"minecraft:damage_resisted":241,"minecraft:sprint_one_cm":1254129,"minecraft:damage_blocked_by_shield":10936,"minecraft:drop":154,"minecraft:talked_to_villager":6,"minecraft:deaths":84,"minecraft:jump":5935,"minecraft:walk_on_water_one_cm":83803,"minecraft:interact_with_furnace":53,"minecraft:interact_with_cartography_table":1,"minecraft:play_one_minute":369135,"minecraft:sleep_in_bed":6,"minecraft:waystone_activated":1,"minecraft:damage_dealt":45955,"minecraft:crouch_one_cm":22117,"tombstone:undead_killed":73,"minecraft:inspect_dispenser":3,"minecraft:horse_one_cm":278797,"minecraft:interact_with_smithing_table":1,"minecraft:interact_with_anvil":1,"minecraft:mob_kills":179,"minecraft:damage_dealt_resisted":184,"minecraft:climb_one_cm":11136,"minecraft:walk_one_cm":794084,"minecraft:sneak_time":8745,"minecraft:walk_under_water_one_cm":22737,"minecraft:interact_with_blast_furnace":8,"tombstone:raider_killed":5,"minecraft:tune_noteblock":1,"minecraft:time_since_rest":1199,"minecraft:damage_taken":41110,"minecraft:damage_absorbed":399,"minecraft:trigger_trapped_chest":2,"minecraft:swim_one_cm":92631,"minecraft:fly_one_cm":970240,"minecraft:open_chest":78,"minecraft:fall_one_cm":132212},"minecraft:used":{"duneons:dungeonbarrel":1,"minecraft:red_sand":8,"minecraft:spruce_slab":2,"minecraft:shield":40,"minecraft:rotten_flesh":15,"minecraft:obsidian":16,"minecraft:milk_bucket":1,"duneons:molot":62,"minecraft:stone_brick_stairs":1,"minecraft:stone_bricks":15,"minecraft:furnace":6,"minecraft:gray_bed":4,"minecraft:mossy_stone_bricks":2,"minecraft:oak_planks":12,"minecraft:stone_pickaxe":73,"minecraft:blackstone":1,"minecraft:wooden_pickaxe":5,"minecraft:sandstone":1,"usefulbackpacks:filter_configurator":1,"minecraft:golden_apple":1,"minecraft:sand":5,"minecraft:shears":115,"duneons:claymoreblue":5,"duneons:bricker":1,"minecraft:string":1,"minecraft:bread":15,"tombstone:grave_key":83,"minecraft:wooden_sword":1,"minecraft:andesite":2,"duneons:doubleaxe":51,"minecraft:golden_pickaxe":32,"minecraft:cobweb":2,"minecraft:stripped_acacia_wood":1,"minecraft:stone_sword":24,"minecraft:flint_and_steel":4,"minecraft:cooked_chicken":2,"minecraft:netherrack":106,"minecraft:torch":348,"minecraft:dirt":10,"scalinghealth:heart_crystal":10,"duneons:crumsoncoresword":42,"minecraft:granite":3,"minecraft:iron_axe":11,"scalinghealth:power_crystal":2,"minecraft:beef":8,"scalinghealth:bandages":1,"tombstone:gift":7,"minecraft:cooked_beef":9,"minecraft:cooked_mutton":16,"minecraft:water_bucket":44,"tombstone:scroll_of_knowledge":1,"duneons:whip":4,"minecraft:iron_ore":1,"duneons:cutlass":121,"minecraft:cracked_stone_bricks":3,"minecraft:rail":1,"minecraft:crafting_table":18,"tombstone:bag_of_seeds":2,"minecraft:diamond_pickaxe":373,"aquaculture:carp":1,"minecraft:iron_pickaxe":485,"tombstone:magic_scroll":2,"spartanshields:shield_basic_iron":148,"minecraft:fishing_rod":1,"minecraft:cobblestone":243,"minecraft:potion":1,"minecraft:porkchop":1,"minecraft:cooked_porkchop":1,"minecraft:bucket":44,"betterendforge:iron_hammer":402,"minecraft:smooth_stone":2}},"DataVersion":2586}