{"stats":{"minecraft:custom":{"minecraft:interact_with_smithing_table":1,"minecraft:interact_with_furnace":5,"minecraft:mob_kills":10,"minecraft:interact_with_crafting_table":8,"minecraft:open_barrel":1,"minecraft:play_one_minute":63050,"minecraft:leave_game":5,"minecraft:time_since_death":3999,"minecraft:climb_one_cm":515,"minecraft:time_since_rest":3818,"minecraft:sprint_one_cm":134591,"minecraft:damage_taken":5660,"minecraft:walk_one_cm":154487,"minecraft:damage_blocked_by_shield":1100,"minecraft:drop":20,"minecraft:damage_dealt":3538,"minecraft:swim_one_cm":3111,"minecraft:fly_one_cm":150953,"minecraft:open_chest":5,"minecraft:crouch_one_cm":5913,"tombstone:undead_killed":3,"minecraft:deaths":20,"minecraft:sneak_time":2409,"minecraft:walk_under_water_one_cm":6738,"minecraft:jump":1067,"minecraft:walk_on_water_one_cm":18542,"minecraft:fall_one_cm":20046,"minecraft:inspect_dispenser":3},"minecraft:used":{"minecraft:water_bucket":13,"minecraft:red_sand":8,"minecraft:stone_sword":24,"minecraft:spruce_slab":2,"minecraft:stone_pickaxe":73,"minecraft:wooden_pickaxe":5,"minecraft:sandstone":1,"minecraft:torch":86,"minecraft:dirt":8,"minecraft:sand":5,"minecraft:crafting_table":4,"minecraft:granite":3,"duneons:bricker":1,"minecraft:iron_pickaxe":219,"tombstone:grave_key":6,"spartanshields:shield_basic_iron":26,"minecraft:cobblestone":25,"minecraft:furnace":1,"minecraft:bucket":14,"minecraft:andesite":2,"tombstone:gift":2,"betterendforge:iron_hammer":49},"minecraft:crafted":{"spartanshields:shield_basic_wood":1,"spartanshields:shield_basic_iron":1,"minecraft:crafting_table":1,"minecraft:wooden_pickaxe":1,"minecraft:furnace":1,"minecraft:bucket":1,"minecraft:air":0,"betterendforge:iron_hammer":1,"minecraft:diamond":9,"minecraft:stick":36,"minecraft:iron_ingot":22,"minecraft:iron_pickaxe":1,"minecraft:stone_pickaxe":1,"minecraft:stone_sword":1,"minecraft:acacia_planks":32,"minecraft:torch":128},"minecraft:dropped":{"minecraft:wheat_seeds":3,"minecraft:stone_sword":1,"minecraft:smithing_table":1,"minecraft:granite":8,"minecraft:poppy":1,"duneons:swamplog":1,"minecraft:torch":1,"tombstone:grave_key":5,"minecraft:stone_pickaxe":2,"minecraft:wooden_pickaxe":2,"minecraft:acacia_planks":1},"minecraft:picked_up":{"duneons:stonehorse":1,"minecraft:crafting_table":4,"minecraft:feather":2,"duneons:swamplog":1,"iceandfire:copper_ore":6,"minecraft:andesite":2,"minecraft:leather":1,"minecraft:smithing_table":2,"minecraft:wooden_pickaxe":1,"paraglider:spirit_orb":2,"tombstone:grave_key":1,"minecraft:gunpowder":25,"scalinghealth:heart_crystal":1,"minecraft:lapis_lazuli":46,"minecraft:dirt":20,"duneons:coin":24,"duneons:bricker":1,"artifacts:shock_pendant":1,"minecraft:bone":1,"iceandfire:amythest_gem":2,"minecraft:acacia_planks":25,"minecraft:wheat_seeds":7,"minecraft:red_sand":5,"minecraft:beef":3,"minecraft:iron_ingot":1,"minecraft:stone_pickaxe":1,"minecraft:iron_ore":110,"scalinghealth:power_crystal_shard":8,"minecraft:poppy":1,"artifacts:steadfast_spikes":1,"minecraft:spruce_slab":2,"minecraft:furnace":1,"minecraft:stick":9,"scalinghealth:heart_crystal_shard":7,"minecraft:sandstone":1,"duneons:anvilwithhammer":1,"duneons:trone":1,"minecraft:torch":5,"minecraft:acacia_log":9,"iceandfire:silver_ore":16,"minecraft:sand":5,"minecraft:diamond_block":1,"duneons:poleaxe":1,"minecraft:redstone":80,"minecraft:gold_ore":30,"minecraft:barrel":1,"minecraft:tnt":1,"minecraft:arrow":2,"minecraft:rotten_flesh":1,"minecraft:diamond":1,"duneons:stackofbooks":1,"minecraft:granite":11,"minecraft:coal":37,"minecraft:cobblestone":51},"minecraft:killed_by":{"minecraft:skeleton":2,"minecraft:creeper":1,"artifacts:mimic":3,"minecraft:zombie":1,"duneons:vindicatorroyaleblue":2,"duneons:wraith":3,"duneons:zombievangruard":5,"iceandfire:hippogryph":2},"minecraft:killed":{"iceandfire:hippogryph":1,"duneons:wraith":1,"minecraft:skeleton":1,"duneons:vindicatorroyaleblue":2,"minecraft:zombie":1,"artifacts:mimic":2,"minecraft:cow":1},"minecraft:mined":{"minecraft:smithing_table":1,"minecraft:diamond_ore":1,"scalinghealth:power_crystal_ore":8,"minecraft:acacia_leaves":4,"iceandfire:silver_ore":16,"duneons:trone":1,"duneons:bricker":1,"duneons:coins":3,"duneons:skeletonbricker":1,"minecraft:crafting_table":4,"minecraft:granite":8,"minecraft:acacia_log":8,"minecraft:grass_block":5,"minecraft:poppy":1,"minecraft:dead_bush":9,"minecraft:cobblestone":1,"minecraft:tall_grass":4,"iceandfire:amythest_ore":2,"minecraft:lapis_ore":7,"minecraft:sandstone":1,"minecraft:wall_torch":4,"minecraft:spawner":1,"duneons:stonehorse":1,"minecraft:redstone_ore":18,"duneons:anvilwithhammer":1,"minecraft:furnace":1,"iceandfire:copper_ore":6,"duneons:stackofbooks":1,"minecraft:iron_ore":109,"minecraft:barrel":1,"minecraft:andesite":1,"minecraft:diamond_block":1,"minecraft:grass":50,"duneons:swamplog":1,"minecraft:coal_ore":35,"minecraft:gravel":1,"minecraft:dirt":1,"minecraft:sand":5,"minecraft:stone":53,"minecraft:gold_ore":32,"minecraft:spruce_slab":1,"scalinghealth:heart_crystal_ore":7}},"DataVersion":2586}