{"stats":{"minecraft:custom":{"minecraft:time_since_rest":2458,"minecraft:interact_with_furnace":1,"minecraft:sprint_one_cm":69964,"minecraft:damage_taken":3264,"minecraft:walk_one_cm":54261,"minecraft:mob_kills":3,"minecraft:drop":10,"minecraft:damage_dealt":1110,"minecraft:swim_one_cm":1664,"minecraft:interact_with_crafting_table":3,"minecraft:fly_one_cm":123004,"minecraft:play_one_minute":27050,"minecraft:crouch_one_cm":4643,"minecraft:deaths":12,"minecraft:sneak_time":1656,"minecraft:walk_under_water_one_cm":1489,"minecraft:jump":626,"minecraft:leave_game":5,"minecraft:walk_on_water_one_cm":932,"minecraft:time_since_death":2693,"minecraft:fall_one_cm":14174},"minecraft:used":{"minecraft:stone_sword":11,"minecraft:stone_pickaxe":62,"minecraft:wooden_pickaxe":5,"minecraft:sandstone":1,"minecraft:torch":12,"minecraft:dirt":5,"minecraft:sand":5,"minecraft:cobblestone":1,"minecraft:crafting_table":2,"minecraft:furnace":1,"minecraft:andesite":1,"tombstone:gift":2,"minecraft:granite":3},"minecraft:crafted":{"minecraft:crafting_table":1,"minecraft:stick":8,"minecraft:wooden_pickaxe":1,"minecraft:stone_pickaxe":1,"minecraft:stone_sword":1,"minecraft:furnace":1,"minecraft:acacia_planks":32,"minecraft:torch":36},"minecraft:dropped":{"minecraft:poppy":1,"minecraft:wheat_seeds":3,"tombstone:grave_key":5,"minecraft:wooden_pickaxe":1},"minecraft:picked_up":{"minecraft:stick":9,"minecraft:crafting_table":1,"minecraft:sandstone":1,"minecraft:feather":2,"minecraft:andesite":1,"minecraft:leather":1,"minecraft:wooden_pickaxe":1,"minecraft:acacia_log":9,"minecraft:sand":5,"tombstone:grave_key":1,"minecraft:dirt":20,"minecraft:acacia_planks":24,"minecraft:wheat_seeds":7,"minecraft:granite":3,"minecraft:beef":3,"minecraft:iron_ore":22,"minecraft:poppy":1,"minecraft:coal":26,"minecraft:cobblestone":17},"minecraft:killed_by":{"duneons:wraith":1,"minecraft:skeleton":2,"minecraft:creeper":1,"duneons:zombievangruard":5,"iceandfire:hippogryph":2},"minecraft:killed":{"iceandfire:hippogryph":1,"minecraft:cow":1},"minecraft:mined":{"minecraft:acacia_leaves":4,"minecraft:iron_ore":23,"minecraft:crafting_table":1,"minecraft:granite":3,"minecraft:grass":50,"minecraft:acacia_log":8,"minecraft:grass_block":5,"minecraft:coal_ore":27,"minecraft:poppy":1,"minecraft:dead_bush":9,"minecraft:sand":5,"minecraft:dirt":1,"minecraft:tall_grass":4,"minecraft:stone":13,"minecraft:sandstone":1}},"DataVersion":2586}