{"stats":{"minecraft:custom":{"minecraft:interact_with_smithing_table":1,"minecraft:interact_with_anvil":1,"minecraft:mob_kills":27,"minecraft:interact_with_crafting_table":17,"minecraft:open_barrel":1,"minecraft:leave_game":5,"minecraft:time_since_death":3478,"minecraft:climb_one_cm":515,"minecraft:sprint_one_cm":251201,"minecraft:walk_one_cm":296061,"minecraft:damage_blocked_by_shield":2922,"minecraft:drop":55,"minecraft:deaths":27,"minecraft:sneak_time":3981,"minecraft:walk_under_water_one_cm":7292,"minecraft:jump":1653,"minecraft:interact_with_blast_furnace":7,"minecraft:walk_on_water_one_cm":23741,"minecraft:interact_with_furnace":24,"minecraft:interact_with_cartography_table":1,"minecraft:play_one_minute":111050,"minecraft:time_since_rest":3249,"minecraft:damage_taken":8559,"minecraft:damage_dealt":8711,"minecraft:swim_one_cm":6877,"minecraft:fly_one_cm":196185,"minecraft:open_chest":9,"minecraft:crouch_one_cm":10059,"tombstone:undead_killed":14,"minecraft:fall_one_cm":25556,"minecraft:inspect_dispenser":3},"minecraft:used":{"minecraft:stripped_acacia_wood":1,"minecraft:red_sand":8,"minecraft:stone_sword":24,"minecraft:spruce_slab":2,"minecraft:torch":185,"minecraft:dirt":8,"scalinghealth:heart_crystal":2,"minecraft:granite":3,"scalinghealth:power_crystal":1,"minecraft:furnace":4,"tombstone:gift":4,"minecraft:water_bucket":21,"minecraft:stone_pickaxe":73,"minecraft:wooden_pickaxe":5,"minecraft:sandstone":1,"minecraft:sand":5,"minecraft:rail":1,"minecraft:crafting_table":6,"minecraft:shears":16,"duneons:bricker":1,"minecraft:bread":2,"minecraft:iron_pickaxe":328,"tombstone:grave_key":9,"spartanshields:shield_basic_iron":55,"minecraft:cobblestone":42,"minecraft:andesite":2,"minecraft:bucket":22,"betterendforge:iron_hammer":296},"minecraft:crafted":{"spartanshields:shield_basic_iron":1,"minecraft:furnace":4,"betterendforge:iron_hammer":2,"minecraft:diamond":9,"minecraft:stone_pickaxe":1,"minecraft:redstone_block":15,"scalinghealth:power_crystal":1,"spartanshields:shield_basic_wood":1,"minecraft:crafting_table":2,"minecraft:wooden_pickaxe":1,"scalinghealth:heart_crystal":1,"minecraft:bucket":1,"minecraft:bread":1,"minecraft:air":0,"minecraft:stick":60,"minecraft:iron_ingot":60,"minecraft:iron_pickaxe":2,"minecraft:stone_sword":1,"minecraft:acacia_planks":80,"minecraft:torch":208,"minecraft:shears":1},"minecraft:broken":{"betterendforge:iron_hammer":1,"minecraft:iron_pickaxe":1},"minecraft:dropped":{"minecraft:enchanted_book":1,"minecraft:water_bucket":1,"minecraft:brown_mushroom":1,"minecraft:wheat_seeds":3,"minecraft:smithing_table":1,"minecraft:cobblestone":15,"minecraft:leather":1,"minecraft:granite":8,"duneons:trone":1,"minecraft:rail":5,"minecraft:coal":1,"minecraft:emerald":1,"minecraft:stick":3,"minecraft:torch":1,"tombstone:grave_key":5,"tombstone:grave_dust":6,"minecraft:string":5,"duneons:stonehorse":1,"minecraft:acacia_planks":41,"minecraft:redstone":3,"minecraft:bone":1,"minecraft:stone_sword":1,"betterendforge:iron_hammer":1,"minecraft:name_tag":1,"iceandfire:copper_ore":12,"minecraft:poppy":1,"duneons:swamplog":1,"minecraft:arrow":4,"minecraft:wooden_pickaxe":2,"minecraft:stone_pickaxe":2},"minecraft:picked_up":{"minecraft:crafting_table":4,"iceandfire:copper_ore":18,"duneons:swamplog":1,"minecraft:brown_mushroom":1,"minecraft:smithing_table":2,"minecraft:wooden_pickaxe":1,"minecraft:enchanted_book":1,"tombstone:grave_key":1,"minecraft:string":5,"duneons:coin":24,"iceandfire:amythest_gem":12,"minecraft:red_sand":5,"minecraft:beef":3,"minecraft:poppy":1,"minecraft:spruce_slab":2,"minecraft:furnace":1,"minecraft:stick":12,"minecraft:sandstone":1,"minecraft:torch":9,"minecraft:acacia_log":9,"iceandfire:silver_ore":29,"duneons:trone":2,"tombstone:grave_dust":12,"minecraft:redstone":134,"minecraft:tnt":1,"minecraft:arrow":4,"minecraft:rotten_flesh":6,"artifacts:villager_hat":1,"duneons:stackofbooks":1,"scalinghealth:power_crystal":1,"minecraft:rail":7,"minecraft:cobblestone":116,"duneons:stonehorse":1,"minecraft:feather":2,"minecraft:water_bucket":1,"minecraft:andesite":2,"minecraft:leather":2,"paraglider:spirit_orb":4,"minecraft:gunpowder":26,"scalinghealth:heart_crystal":1,"minecraft:lapis_lazuli":73,"minecraft:dirt":20,"artifacts:flippers":1,"duneons:bricker":1,"artifacts:shock_pendant":1,"minecraft:bone":2,"minecraft:acacia_planks":65,"minecraft:wheat_seeds":7,"minecraft:cobweb":16,"minecraft:stone_pickaxe":1,"minecraft:iron_ingot":1,"minecraft:iron_ore":127,"scalinghealth:power_crystal_shard":22,"artifacts:steadfast_spikes":2,"betterendforge:iron_hammer":1,"scalinghealth:heart_crystal_shard":20,"duneons:anvilwithhammer":1,"minecraft:stripped_acacia_wood":13,"minecraft:sand":5,"minecraft:gold_ore":98,"duneons:poleaxe":1,"minecraft:diamond_block":1,"minecraft:barrel":1,"minecraft:diamond":7,"minecraft:granite":11,"minecraft:emerald":1,"minecraft:coal":91},"minecraft:killed_by":{"minecraft:creeper":1,"duneons:zombievangruard":5,"iceandfire:hippogryph":2,"minecraft:skeleton":4,"artifacts:mimic":5,"minecraft:zombie":3,"duneons:vindicatorroyaleblue":2,"duneons:wraith":4},"minecraft:killed":{"duneons:zombievangruard":1,"iceandfire:hippogryph":1,"minecraft:spider":2,"duneons:wraith":1,"minecraft:skeleton":4,"artifacts:mimic":5,"minecraft:creeper":1,"duneons:vindicatorroyaleblue":2,"minecraft:zombie":8,"minecraft:cow":1},"minecraft:mined":{"minecraft:diamond_ore":7,"scalinghealth:power_crystal_ore":22,"iceandfire:silver_ore":29,"duneons:skeletonbricker":1,"minecraft:granite":8,"minecraft:acacia_log":8,"minecraft:grass_block":5,"minecraft:sandstone":1,"minecraft:spawner":2,"minecraft:redstone_ore":32,"duneons:anvilwithhammer":1,"minecraft:furnace":1,"iceandfire:copper_ore":6,"duneons:stackofbooks":1,"minecraft:barrel":1,"minecraft:iron_ore":126,"minecraft:andesite":2,"minecraft:diamond_block":1,"duneons:swamplog":2,"minecraft:stone":130,"minecraft:spruce_slab":1,"scalinghealth:heart_crystal_ore":20,"minecraft:smithing_table":1,"duneons:clayvase":1,"minecraft:acacia_leaves":4,"minecraft:brown_mushroom":1,"duneons:trone":1,"duneons:bricker":1,"duneons:coins":3,"minecraft:crafting_table":4,"minecraft:poppy":1,"minecraft:dead_bush":9,"minecraft:tall_grass":4,"minecraft:cobblestone":2,"iceandfire:amythest_ore":12,"minecraft:lapis_ore":12,"minecraft:wall_torch":4,"duneons:stonehorse":1,"minecraft:grass":50,"minecraft:coal_ore":95,"minecraft:acacia_fence":2,"minecraft:sand":5,"minecraft:gravel":2,"minecraft:dirt":1,"minecraft:cobweb":16,"minecraft:stripped_acacia_wood":13,"minecraft:gold_ore":99}},"DataVersion":2586}