{"stats":{"minecraft:custom":{"minecraft:interact_with_smithing_table":1,"minecraft:interact_with_anvil":1,"minecraft:mob_kills":53,"minecraft:interact_with_crafting_table":29,"minecraft:open_barrel":1,"minecraft:leave_game":5,"minecraft:time_since_death":9789,"minecraft:climb_one_cm":1185,"minecraft:sprint_one_cm":492723,"minecraft:walk_one_cm":399929,"minecraft:damage_blocked_by_shield":4271,"minecraft:drop":92,"minecraft:talked_to_villager":4,"minecraft:deaths":30,"minecraft:sneak_time":4974,"minecraft:walk_under_water_one_cm":13250,"minecraft:jump":2589,"minecraft:interact_with_blast_furnace":7,"minecraft:walk_on_water_one_cm":44275,"minecraft:interact_with_furnace":42,"tombstone:raider_killed":1,"minecraft:interact_with_cartography_table":1,"minecraft:play_one_minute":171050,"minecraft:time_since_rest":9514,"minecraft:damage_taken":10173,"minecraft:damage_dealt":13478,"minecraft:swim_one_cm":26409,"minecraft:fly_one_cm":362126,"minecraft:open_chest":27,"minecraft:crouch_one_cm":12870,"tombstone:undead_killed":18,"minecraft:fall_one_cm":43204,"minecraft:inspect_dispenser":3},"minecraft:used":{"minecraft:stripped_acacia_wood":1,"minecraft:red_sand":8,"minecraft:stone_sword":24,"minecraft:spruce_slab":2,"minecraft:rotten_flesh":15,"minecraft:torch":237,"minecraft:dirt":8,"scalinghealth:heart_crystal":3,"minecraft:granite":3,"duneons:molot":44,"scalinghealth:power_crystal":2,"minecraft:beef":8,"minecraft:furnace":4,"tombstone:gift":4,"minecraft:water_bucket":41,"tombstone:scroll_of_knowledge":1,"minecraft:iron_ore":1,"minecraft:stone_pickaxe":73,"minecraft:wooden_pickaxe":5,"minecraft:sandstone":1,"minecraft:sand":5,"minecraft:rail":1,"minecraft:crafting_table":8,"minecraft:shears":115,"duneons:bricker":1,"minecraft:bread":2,"minecraft:iron_pickaxe":485,"tombstone:grave_key":19,"spartanshields:shield_basic_iron":88,"minecraft:wooden_sword":1,"minecraft:cobblestone":96,"minecraft:andesite":2,"minecraft:bucket":42,"betterendforge:iron_hammer":326,"minecraft:cobweb":2},"minecraft:crafted":{"minecraft:wooden_sword":1,"minecraft:oak_planks":8,"spartanshields:shield_basic_iron":2,"duneons:molot":1,"usefulbackpacks:backpack_small":1,"minecraft:furnace":4,"betterendforge:iron_hammer":2,"minecraft:diamond":9,"minecraft:stone_pickaxe":1,"minecraft:redstone_block":15,"scalinghealth:power_crystal":2,"spartanshields:shield_basic_wood":2,"iceandfire:silver_ingot":29,"minecraft:crafting_table":4,"minecraft:wooden_pickaxe":1,"minecraft:gold_block":13,"scalinghealth:heart_crystal":2,"minecraft:bucket":1,"minecraft:bread":1,"minecraft:air":0,"minecraft:stick":72,"minecraft:iron_ingot":124,"minecraft:iron_pickaxe":2,"minecraft:iron_block":12,"minecraft:stone_sword":1,"minecraft:gold_ingot":108,"minecraft:acacia_planks":80,"minecraft:torch":208,"minecraft:shears":1,"minecraft:lapis_block":8},"minecraft:broken":{"betterendforge:iron_hammer":1,"spartanshields:shield_basic_iron":1,"minecraft:iron_pickaxe":1},"minecraft:dropped":{"minecraft:enchanted_book":2,"minecraft:water_bucket":4,"minecraft:lapis_lazuli":2,"minecraft:brown_mushroom":1,"minecraft:wheat_seeds":3,"minecraft:smithing_table":1,"minecraft:cobblestone":15,"minecraft:leather":1,"minecraft:granite":8,"duneons:trone":1,"minecraft:rail":8,"minecraft:coal":1,"minecraft:music_disc_13":1,"minecraft:emerald":1,"minecraft:stick":17,"minecraft:torch":1,"tombstone:grave_key":5,"minecraft:mutton":1,"tombstone:grave_dust":12,"minecraft:wooden_sword":2,"minecraft:string":12,"duneons:stonehorse":1,"minecraft:acacia_planks":57,"minecraft:redstone":6,"minecraft:bone":1,"minecraft:stone_sword":1,"betterendforge:iron_hammer":1,"minecraft:wheat":1,"minecraft:name_tag":1,"minecraft:shears":2,"iceandfire:copper_ore":18,"minecraft:poppy":1,"duneons:swamplog":1,"artifacts:steadfast_spikes":1,"iceandfire:silver_ingot":3,"minecraft:beef":2,"minecraft:arrow":8,"minecraft:wooden_pickaxe":2,"minecraft:stone_pickaxe":2},"minecraft:picked_up":{"minecraft:crafting_table":5,"minecraft:anvil":1,"iceandfire:copper_ore":18,"duneons:swamplog":1,"minecraft:brown_mushroom":1,"minecraft:smithing_table":2,"minecraft:wooden_pickaxe":1,"minecraft:enchanted_book":1,"tombstone:grave_key":1,"minecraft:string":9,"duneons:coin":25,"minecraft:wooden_sword":1,"iceandfire:amythest_gem":13,"minecraft:red_sand":5,"minecraft:beef":13,"minecraft:poppy":1,"minecraft:spruce_slab":2,"minecraft:furnace":1,"minecraft:stick":26,"minecraft:sandstone":10,"minecraft:torch":32,"minecraft:acacia_log":9,"iceandfire:silver_ore":29,"duneons:trone":2,"tombstone:grave_dust":18,"minecraft:redstone":134,"minecraft:tnt":9,"minecraft:arrow":8,"minecraft:rotten_flesh":8,"artifacts:villager_hat":1,"duneons:stackofbooks":1,"minecraft:shears":2,"scalinghealth:power_crystal":1,"minecraft:white_wool":13,"minecraft:mutton":1,"minecraft:rail":10,"minecraft:cobblestone":197,"duneons:stonehorse":1,"minecraft:feather":2,"minecraft:water_bucket":4,"minecraft:andesite":2,"minecraft:cut_sandstone":1,"minecraft:leather":7,"paraglider:spirit_orb":6,"minecraft:oak_log":2,"minecraft:gunpowder":27,"scalinghealth:heart_crystal":1,"minecraft:lapis_lazuli":73,"minecraft:dirt":20,"artifacts:flippers":1,"duneons:bricker":1,"artifacts:shock_pendant":1,"minecraft:bone":2,"minecraft:acacia_planks":65,"minecraft:wheat_seeds":7,"minecraft:cobweb":115,"minecraft:stone_pickaxe":1,"minecraft:iron_ingot":1,"minecraft:iron_ore":128,"scalinghealth:power_crystal_shard":23,"artifacts:steadfast_spikes":2,"betterendforge:iron_hammer":1,"scalinghealth:heart_crystal_shard":29,"endrem:witch_pupil":1,"duneons:anvilwithhammer":1,"minecraft:stripped_acacia_wood":13,"minecraft:sand":5,"minecraft:gold_ore":108,"duneons:poleaxe":1,"minecraft:diamond_block":1,"minecraft:chiseled_sandstone":1,"minecraft:barrel":1,"minecraft:diamond":10,"minecraft:granite":11,"minecraft:emerald":2,"minecraft:coal":95},"minecraft:killed_by":{"minecraft:zombie_villager":1,"minecraft:creeper":2,"duneons:zombievangruard":5,"iceandfire:hippogryph":2,"minecraft:skeleton":4,"artifacts:mimic":5,"minecraft:zombie":4,"duneons:vindicatorroyaleblue":2,"duneons:wraith":4},"minecraft:killed":{"duneons:zombievangruard":1,"minecraft:cave_spider":2,"iceandfire:hippogryph":1,"minecraft:witch":1,"aquaculture:bluegill":1,"minecraft:spider":4,"duneons:wraith":1,"minecraft:horse":3,"minecraft:skeleton":6,"duneons:pigchest":2,"dungeonsmod:pitcher":1,"artifacts:mimic":5,"minecraft:creeper":1,"minecraft:sheep":2,"duneons:vindicatorroyaleblue":2,"minecraft:zombie":10,"minecraft:cow":8},"minecraft:mined":{"minecraft:mossy_cobblestone":4,"minecraft:stone_pressure_plate":1,"minecraft:diamond_ore":10,"scalinghealth:power_crystal_ore":24,"iceandfire:silver_ore":29,"duneons:skeletonbricker":1,"minecraft:granite":8,"minecraft:acacia_log":8,"minecraft:grass_block":8,"minecraft:brick_stairs":1,"minecraft:sandstone":10,"minecraft:spawner":3,"duneons:bambootall":1,"minecraft:redstone_ore":32,"duneons:anvilwithhammer":1,"minecraft:furnace":1,"iceandfire:copper_ore":6,"duneons:stackofbooks":1,"minecraft:fire":7,"minecraft:barrel":1,"minecraft:iron_ore":127,"minecraft:chiseled_sandstone":1,"minecraft:andesite":6,"minecraft:diamond_block":1,"minecraft:anvil":1,"duneons:swamplog":4,"duneons:loot_biggrey":1,"minecraft:stone":212,"duneons:leavesbigbamboo":1,"minecraft:spruce_slab":1,"scalinghealth:heart_crystal_ore":29,"minecraft:smithing_table":1,"duneons:bush":2,"minecraft:cut_sandstone":7,"duneons:clayvase":1,"minecraft:acacia_leaves":4,"minecraft:brown_mushroom":1,"duneons:trone":1,"duneons:bricker":1,"minecraft:polished_granite":1,"duneons:coins":3,"minecraft:crafting_table":5,"minecraft:poppy":1,"minecraft:dead_bush":9,"minecraft:tall_grass":5,"minecraft:cobblestone":2,"iceandfire:amythest_ore":13,"minecraft:lapis_ore":12,"minecraft:bricks":4,"minecraft:diorite":6,"minecraft:wall_torch":4,"duneons:stonehorse":1,"duneons:popflower":1,"minecraft:tnt":9,"minecraft:grass":56,"minecraft:oak_log":2,"minecraft:coal_ore":99,"minecraft:acacia_fence":2,"minecraft:sand":5,"minecraft:gravel":2,"minecraft:dirt":9,"minecraft:cobweb":116,"duneons:creeperwoodsmusroom":1,"minecraft:stone_bricks":1,"minecraft:stripped_acacia_wood":13,"minecraft:gold_ore":110,"minecraft:fern":1}},"DataVersion":2586}