{"stats":{"minecraft:mined":{"minecraft:grass":19,"minecraft:grass_block":5,"minecraft:dead_bush":4,"minecraft:dirt":1,"minecraft:sand":5,"minecraft:tall_grass":3},"minecraft:killed":{"minecraft:cow":1},"minecraft:killed_by":{"minecraft:skeleton":2,"duneons:zombievangruard":5},"minecraft:used":{"minecraft:dirt":4,"minecraft:sand":5,"tombstone:gift":2},"minecraft:picked_up":{"minecraft:stick":3,"minecraft:wheat_seeds":5,"minecraft:beef":3,"minecraft:sand":5,"minecraft:dirt":6},"minecraft:custom":{"minecraft:time_since_rest":1,"minecraft:play_one_minute":9249,"minecraft:sprint_one_cm":19133,"minecraft:damage_taken":1992,"minecraft:walk_one_cm":14549,"minecraft:deaths":8,"minecraft:sneak_time":7,"minecraft:walk_under_water_one_cm":1421,"minecraft:mob_kills":2,"minecraft:drop":4,"minecraft:jump":237,"minecraft:damage_dealt":332,"minecraft:leave_game":5,"minecraft:time_since_death":562,"minecraft:walk_on_water_one_cm":238,"minecraft:fall_one_cm":5305,"minecraft:fly_one_cm":46010},"minecraft:dropped":{"minecraft:wheat_seeds":1,"tombstone:grave_key":3}},"DataVersion":2586}